timestamp,temperature_c,wind_speed_ms,cloud_cover_pct,solar_kw,wind_kw,load_kw,is_anomaly,battery_soc_pct,fuel_consumption_l
2026-01-01 00:00:00,-53.67,8.87,51.7,0.0,97.14,277.84,0,50.9,53.65
2026-01-01 01:00:00,-54.17,13.5,20.3,8.78,299.18,272.76,0,50.7,0.0
2026-01-01 02:00:00,-51.87,14.49,80.5,0.0,300.0,252.13,0,89.6,1.0
2026-01-01 03:00:00,-49.5,16.31,82.4,0.0,300.0,265.92,0,89.0,0.0
2026-01-01 04:00:00,-52.54,17.18,70.9,0.6,294.67,259.13,0,50.0,0.0
2026-01-01 05:00:00,-52.24,8.65,11.6,5.95,69.51,253.63,0,88.4,54.88
2026-01-01 06:00:00,-48.51,8.27,62.7,1.44,72.45,258.92,0,89.9,55.77
2026-01-01 07:00:00,-50.24,5.75,82.3,0.0,13.12,308.78,0,88.8,89.12
2026-01-01 08:00:00,-53.01,7.53,9.3,1.2,32.81,300.22,0,89.5,80.51
2026-01-01 09:00:00,-51.46,8.33,44.7,9.19,59.82,352.77,0,88.5,83.9
2026-01-01 10:00:00,-54.09,8.67,48.5,0.0,67.13,361.42,0,87.9,88.28
2026-01-01 11:00:00,-54.82,4.41,35.4,0.15,9.69,421.1,0,85.9,124.2
2026-01-01 12:00:00,-54.18,2.83,38.6,3.35,0.0,416.77,0,87.7,123.39
2026-01-01 13:00:00,-59.27,3.69,20.8,1.27,0.0,462.31,0,88.3,138.62
2026-01-01 14:00:00,-59.62,0.5,55.5,0.0,6.73,466.01,0,88.9,138.33
2026-01-01 15:00:00,-57.91,9.38,1.6,0.0,93.43,442.93,0,88.4,103.39
2026-01-01 16:00:00,-59.29,0.0,49.6,0.0,0.0,474.07,0,87.5,141.19
2026-01-01 17:00:00,-56.94,4.86,45.5,2.66,2.56,436.61,0,88.3,127.13
2026-01-01 18:00:00,-59.48,11.37,42.3,2.37,239.02,451.18,0,87.1,63.16
2026-01-01 19:00:00,-60.0,6.5,66.5,10.47,13.25,404.97,0,86.9,116.26
2026-01-01 20:00:00,-54.33,7.19,51.6,0.0,24.59,382.5,0,85.7,106.68
2026-01-01 21:00:00,-57.24,7.99,52.1,8.79,53.39,362.31,0,85.8,89.85
2026-01-01 22:00:00,-56.03,9.75,40.7,0.0,118.48,323.17,0,83.9,62.42
2026-01-01 23:00:00,-58.29,15.48,33.4,0.0,300.0,335.57,0,82.4,10.94
2026-01-02 00:00:00,-55.7,5.57,44.5,4.29,2.56,286.89,0,81.5,83.04
2026-01-02 01:00:00,-53.61,17.36,24.0,4.26,296.11,257.9,0,82.1,1.53
2026-01-02 02:00:00,-55.41,8.72,90.6,5.78,78.59,264.12,0,81.6,54.12
2026-01-02 03:00:00,-51.74,12.09,54.7,6.87,296.02,223.38,0,82.6,0.0
2026-01-02 04:00:00,-53.21,11.16,73.1,0.0,233.73,289.81,0,84.1,16.67
2026-01-02 05:00:00,-52.3,13.46,67.4,6.94,298.88,244.01,0,83.8,0.59
2026-01-02 06:00:00,-52.81,5.91,27.7,0.0,18.51,286.0,0,82.3,79.63
2026-01-02 07:00:00,-48.01,10.91,34.5,0.0,197.57,284.95,0,83.3,27.79
2026-01-02 08:00:00,-52.04,14.31,47.9,0.0,293.73,337.94,0,81.7,14.52
2026-01-02 09:00:00,-54.61,2.85,19.4,0.0,0.0,356.5,0,80.8,106.96
2026-01-02 10:00:00,-51.47,6.28,34.8,0.3,10.58,360.72,0,79.1,105.01
2026-01-02 11:00:00,-56.28,2.65,63.6,4.48,0.0,380.97,0,80.1,112.1
2026-01-02 12:00:00,-54.19,5.07,65.3,3.26,4.27,396.58,0,80.7,116.08
2026-01-02 13:00:00,-59.31,3.29,11.8,0.0,5.59,450.96,0,82.3,132.48
2026-01-02 14:00:00,-58.77,1.08,40.9,0.0,5.0,483.46,0,81.8,143.33
2026-01-02 15:00:00,-56.34,4.58,64.0,0.0,10.71,433.94,0,81.0,127.03
2026-01-02 16:00:00,-55.73,8.97,57.2,0.44,80.46,481.52,0,80.5,118.6
2026-01-02 17:00:00,-57.17,3.73,35.0,0.0,0.41,464.42,0,79.2,139.89
2026-01-02 18:00:00,-57.84,7.46,55.4,0.0,28.51,414.0,0,80.6,114.78
2026-01-02 19:00:00,-58.11,2.6,28.6,0.0,3.31,398.05,0,84.0,118.83
2026-01-02 20:00:00,-60.0,4.89,21.1,5.28,17.21,381.12,0,83.2,108.4
2026-01-02 21:00:00,-58.17,10.48,82.7,0.0,162.65,369.0,0,83.8,63.21
2026-01-02 22:00:00,-57.03,14.75,68.9,5.03,300.0,334.36,0,83.7,9.9
2026-01-02 23:00:00,-53.27,12.43,75.8,0.94,300.0,298.41,0,84.1,1.66
2026-01-03 00:00:00,-53.86,11.27,38.2,0.0,225.62,253.3,0,85.2,9.12
2026-01-03 01:00:00,-57.3,12.76,43.7,0.0,300.0,257.97,0,84.0,0.17
2026-01-03 02:00:00,-52.4,9.24,24.6,0.0,97.11,243.16,0,83.6,43.34
2026-01-03 03:00:00,-53.2,14.7,44.7,12.02,299.03,227.68,0,84.8,0.0
2026-01-03 04:00:00,-53.31,15.09,43.3,5.55,296.86,223.4,0,85.3,1.63
2026-01-03 05:00:00,-50.43,10.34,60.8,3.02,160.94,249.57,0,85.6,25.49
2026-01-03 06:00:00,-49.49,9.29,33.4,0.0,111.66,244.44,0,86.1,39.83
2026-01-03 07:00:00,-49.79,10.32,25.6,0.0,160.78,277.65,0,86.7,36.54
2026-01-03 08:00:00,-53.63,6.93,40.4,0.0,20.17,303.51,0,87.9,84.77
2026-01-03 09:00:00,-53.05,6.74,48.4,0.64,22.08,345.43,0,88.6,96.02
2026-01-03 10:00:00,-52.39,12.01,69.4,0.0,283.02,371.55,0,88.6,27.69
2026-01-03 11:00:00,-51.82,3.89,30.5,0.0,0.0,393.43,0,88.9,117.2
2026-01-03 12:00:00,-55.51,2.72,21.5,0.0,9.99,398.96,0,88.9,117.09
2026-01-03 13:00:00,-55.7,1.29,41.0,0.0,0.0,415.27,0,88.1,124.81
2026-01-03 14:00:00,-58.26,5.24,92.0,0.36,0.8,454.48,0,88.1,136.31
2026-01-03 15:00:00,-59.06,2.57,31.5,0.0,1.38,446.21,0,87.9,131.03
2026-01-03 16:00:00,-55.52,1.61,53.0,7.66,5.89,432.64,0,86.3,126.51
2026-01-03 17:00:00,-54.74,8.27,31.1,4.06,70.86,410.4,0,87.0,100.58
2026-01-03 18:00:00,-57.69,9.56,51.0,0.0,112.56,434.92,0,88.0,97.32
2026-01-03 19:00:00,-55.44,4.68,77.5,1.63,0.0,401.93,0,88.5,120.59
2026-01-03 20:00:00,-56.43,2.16,82.9,0.0,0.0,363.39,0,89.4,109.33
2026-01-03 21:00:00,-57.96,12.09,85.1,0.0,300.0,334.2,0,89.2,9.86
2026-01-03 22:00:00,-55.33,8.24,72.0,2.4,59.67,299.76,0,88.7,70.92
2026-01-03 23:00:00,-52.25,13.74,43.5,3.33,300.0,278.75,0,89.7,0.0
2026-01-04 00:00:00,-54.56,6.3,38.5,0.0,13.5,268.77,0,88.6,76.75
2026-01-04 01:00:00,-50.58,15.44,35.2,0.0,300.0,222.2,0,87.5,0.0
2026-01-04 02:00:00,-58.23,9.36,60.5,0.44,98.72,229.42,0,88.0,40.02
2026-01-04 03:00:00,-50.72,15.08,32.5,2.17,288.88,223.35,0,88.4,0.0
2026-01-04 04:00:00,-51.71,12.49,76.6,0.0,299.19,241.51,0,89.3,0.0
2026-01-04 05:00:00,-52.19,8.84,20.2,4.08,91.08,241.07,0,87.6,44.37
2026-01-04 06:00:00,-51.3,9.48,9.6,3.2,108.16,249.45,0,87.5,43.31
2026-01-04 07:00:00,-55.56,11.58,73.8,0.0,255.0,269.73,0,86.4,3.25
2026-01-04 08:00:00,-52.33,8.55,83.8,5.65,78.55,291.6,0,87.2,62.09
2026-01-04 09:00:00,-51.65,8.69,51.9,5.8,81.45,338.13,0,88.6,76.33
2026-01-04 10:00:00,-50.03,11.64,57.6,10.34,259.08,327.17,0,89.1,17.89
2026-01-04 11:00:00,-54.75,0.0,79.8,8.56,0.0,410.84,0,88.5,121.31
2026-01-04 12:00:00,-56.1,8.64,57.3,0.0,80.46,410.29,0,87.8,98.98
2026-01-04 13:00:00,-56.27,3.55,51.8,4.62,0.0,401.62,0,87.3,116.44
2026-01-04 14:00:00,-54.16,0.31,21.0,4.4,8.64,436.62,0,86.5,127.33
2026-01-04 15:00:00,-55.95,0.0,51.6,0.0,5.53,444.6,0,86.3,132.09
2026-01-04 16:00:00,-58.14,2.99,25.4,2.27,0.0,434.45,0,85.6,130.78
2026-01-04 17:00:00,-56.36,7.07,83.6,0.0,27.87,439.77,0,84.2,122.82
2026-01-04 18:00:00,-57.29,4.92,25.0,0.0,0.0,403.28,0,84.6,122.67
2026-01-04 19:00:00,-55.45,11.01,21.2,0.0,201.85,395.83,0,85.0,57.88
2026-01-04 20:00:00,-58.49,3.41,34.3,1.95,0.0,370.83,0,86.7,110.18
2026-01-04 21:00:00,-57.26,9.03,30.4,2.18,80.09,337.53,0,86.3,75.86
2026-01-04 22:00:00,-56.77,6.54,70.7,0.0,36.0,334.57,0,84.4,90.62
2026-01-04 23:00:00,-58.19,12.46,47.9,8.61,300.0,309.32,0,85.2,0.0
2026-01-05 00:00:00,-53.82,14.87,16.6,4.94,300.0,264.14,0,86.2,0.63
2026-01-05 01:00:00,-53.12,11.5,52.9,0.0,251.6,268.46,0,87.3,4.25
2026-01-05 02:00:00,-52.91,5.18,19.0,0.0,4.51,280.54,0,88.8,82.76
2026-01-05 03:00:00,-52.76,13.48,71.9,0.0,300.0,268.81,0,50.3,0.0
2026-01-05 04:00:00,-54.65,13.75,19.0,2.07,300.0,243.72,0,89.3,0.79
2026-01-05 05:00:00,-52.36,12.91,52.3,0.0,300.0,284.42,0,50.8,0.0
2026-01-05 06:00:00,-52.1,14.41,31.4,0.0,292.71,289.54,0,50.5,0.56
2026-01-05 07:00:00,-53.12,6.31,38.3,8.47,7.6,283.63,0,51.3,80.09
2026-01-05 08:00:00,-52.14,10.28,50.3,0.29,160.87,323.65,0,51.6,49.27
2026-01-05 09:00:00,-51.49,10.51,85.1,0.0,177.29,351.63,0,50.6,52.26
2026-01-05 10:00:00,-49.14,0.37,14.0,0.0,0.0,347.15,0,51.8,104.89
2026-01-05 11:00:00,-53.29,5.59,31.8,8.09,10.02,410.46,0,51.3,118.24
2026-01-05 12:00:00,-53.9,2.28,61.8,4.56,0.0,458.86,0,53.2,136.49
2026-01-05 13:00:00,-55.34,2.99,59.0,0.0,0.11,463.1,0,52.4,138.0
2026-01-05 14:00:00,-59.75,4.05,18.7,0.0,0.0,468.27,0,51.4,140.04
2026-01-05 15:00:00,-56.59,1.65,57.1,0.0,10.62,455.55,0,50.7,132.71
2026-01-05 16:00:00,-56.89,1.53,51.6,0.0,0.0,462.19,0,52.2,140.09
2026-01-05 17:00:00,-52.39,4.4,40.0,2.54,0.0,419.14,0,50.7,125.76
2026-01-05 18:00:00,-57.8,2.04,66.7,3.78,0.0,426.95,0,51.6,126.99
2026-01-05 19:00:00,-56.71,3.22,43.6,0.0,0.0,380.7,0,53.4,113.65
2026-01-05 20:00:00,-57.08,9.8,79.4,4.0,132.89,393.64,0,53.2,76.24
2026-01-05 21:00:00,-58.88,5.62,41.3,0.0,15.43,361.58,0,52.8,103.97
2026-01-05 22:00:00,-53.63,12.29,33.7,0.0,300.0,334.28,0,52.9,12.13
2026-01-05 23:00:00,-53.69,12.75,63.0,0.0,300.0,302.87,0,51.8,0.87
2026-01-06 00:00:00,-52.76,7.03,56.5,0.0,40.92,262.41,0,54.4,67.65
2026-01-06 01:00:00,-55.39,10.73,52.8,0.0,197.74,272.57,0,55.1,22.72
2026-01-06 02:00:00,-50.04,16.58,68.7,0.0,295.98,232.83,0,53.9,0.56
2026-01-06 03:00:00,-55.03,9.94,50.8,0.0,138.91,279.92,0,53.1,41.83
2026-01-06 04:00:00,-50.57,11.05,76.4,7.49,196.62,232.47,0,53.3,8.31
2026-01-06 05:00:00,-47.06,13.08,37.3,0.0,300.0,237.53,0,52.0,0.0
2026-01-06 06:00:00,-53.32,13.05,52.5,0.92,300.0,264.05,0,50.5,0.3
2026-01-06 07:00:00,-52.58,8.77,50.8,6.6,91.82,281.24,0,50.8,54.6
2026-01-06 08:00:00,-51.55,6.44,64.6,0.46,10.81,319.22,0,51.8,92.74
2026-01-06 09:00:00,-53.23,11.2,19.9,0.0,231.02,331.01,0,52.7,29.01
2026-01-06 10:00:00,-55.94,10.92,88.9,0.74,196.41,380.88,0,52.6,55.57
2026-01-06 11:00:00,-53.43,7.57,48.9,0.0,38.4,406.74,0,52.3,110.67
2026-01-06 12:00:00,-56.47,4.05,46.1,0.0,0.0,423.77,0,52.4,127.27
2026-01-06 13:00:00,-54.17,0.81,7.8,3.06,10.85,406.07,0,53.4,118.04
2026-01-06 14:00:00,-57.68,0.51,54.1,0.0,8.42,479.64,0,52.1,141.13
2026-01-06 15:00:00,-53.36,4.68,7.3,4.68,0.0,454.08,0,51.4,138.63
2026-01-06 16:00:00,-58.51,4.81,30.7,3.98,4.53,466.3,0,51.0,137.81
2026-01-06 17:00:00,-57.89,8.51,28.4,0.83,69.15,327.4200893921953,1,50.7,77.34
2026-01-06 18:00:00,-55.72,7.25,34.3,4.85,26.69,440.03,0,50.7,123.29
2026-01-06 19:00:00,-59.7,1.97,62.6,0.0,0.99,433.17,0,50.7,129.13
2026-01-06 20:00:00,-56.49,10.92,50.9,3.92,200.9,400.92,0,51.3,58.28
2026-01-06 21:00:00,-53.85,6.07,38.7,3.89,19.75,355.58,0,89.6,100.38
2026-01-06 22:00:00,-59.06,9.14,17.4,0.0,93.57,320.66,0,88.0,69.02
2026-01-06 23:00:00,-54.75,12.12,17.9,0.0,300.0,310.33,0,87.3,4.29
2026-01-07 00:00:00,-53.75,18.19,69.7,1.65,299.38,284.55,0,88.2,0.0
2026-01-07 01:00:00,-51.93,22.09,51.2,9.84,300.0,250.96,0,87.5,0.0
2026-01-07 02:00:00,-55.24,14.81,39.4,0.0,300.0,247.1,0,87.5,0.33
2026-01-07 03:00:00,-54.79,12.34,91.4,0.0,300.0,262.52,0,87.6,0.72
2026-01-07 04:00:00,-50.62,14.05,50.7,5.89,300.0,244.13,0,87.9,0.53
2026-01-07 05:00:00,-50.77,14.36,49.1,0.34,300.0,249.86,0,89.5,0.0
2026-01-07 06:00:00,-50.76,9.74,37.9,4.33,127.46,296.66,0,50.2,49.98
2026-01-07 07:00:00,-50.68,14.91,74.1,7.37,293.77,302.11,0,51.2,0.61
2026-01-07 08:00:00,-53.03,8.93,34.1,0.0,77.43,329.73,0,51.0,76.01
2026-01-07 09:00:00,-51.68,8.43,63.3,0.0,71.48,363.32,0,52.5,86.46
2026-01-07 10:00:00,-52.18,7.7,70.1,0.0,54.86,377.38,0,52.6,95.82
2026-01-07 11:00:00,-54.92,5.9,59.8,0.0,0.0,394.2,0,50.6,120.07
2026-01-07 12:00:00,-50.53,6.31,22.3,0.0,3.45,406.46,0,53.1,121.89
2026-01-07 13:00:00,-54.09,1.39,44.4,0.0,0.0,449.85,0,53.1,134.89
2026-01-07 14:00:00,-58.15,1.33,25.1,0.52,6.2,470.42,0,53.7,139.06
2026-01-07 15:00:00,-55.07,0.0,15.3,0.0,6.87,461.9,0,52.6,138.73
2026-01-07 16:00:00,-58.81,4.88,60.3,0.0,0.0,445.96,0,54.8,133.83
2026-01-07 17:00:00,-55.59,6.64,27.8,0.47,37.49,455.57,0,54.0,125.17
2026-01-07 18:00:00,-54.95,6.67,51.1,0.0,17.26,424.59,0,53.6,121.41
2026-01-07 19:00:00,-58.8,11.5,35.0,6.45,264.21,425.4,0,52.1,46.19
2026-01-07 20:00:00,-54.94,7.75,65.7,0.0,50.57,368.25,0,52.5,93.62
2026-01-07 21:00:00,-55.56,11.07,21.2,7.53,208.61,386.17,0,52.2,51.53
2026-01-07 22:00:00,-54.12,7.02,20.5,0.0,23.39,330.19,0,50.6,93.3
2026-01-07 23:00:00,-51.25,10.2,50.8,0.0,146.62,287.49,0,50.6,43.53
2026-01-08 00:00:00,-54.67,14.29,69.9,0.0,289.25,292.99,0,50.7,0.42
2026-01-08 01:00:00,-54.91,15.31,67.8,7.57,297.97,281.0,0,50.4,0.0
2026-01-08 02:00:00,-54.46,12.11,24.9,3.48,290.41,266.3,0,88.6,0.34
2026-01-08 03:00:00,-53.69,12.67,96.3,0.0,298.6,236.15,0,88.9,1.32
2026-01-08 04:00:00,-51.74,7.89,31.6,0.6,63.58,265.77,0,87.6,58.87
2026-01-08 05:00:00,-50.6,10.63,30.5,0.0,188.37,250.02,0,88.5,18.12
2026-01-08 06:00:00,-50.63,13.37,88.3,0.0,295.54,270.94,0,87.9,0.36
2026-01-08 07:00:00,-49.63,11.25,66.6,0.0,225.97,255.76,0,88.9,8.1
2026-01-08 08:00:00,-51.56,9.74,65.3,0.0,122.79,311.84,0,88.9,54.99
2026-01-08 09:00:00,-49.16,7.08,34.1,6.07,44.52,330.42,0,89.0,83.21
2026-01-08 10:00:00,-53.21,5.73,82.9,0.0,0.0,382.27,0,50.2,114.11
2026-01-08 11:00:00,-47.97,2.65,40.0,0.0,0.0,376.04,0,89.4,110.93
2026-01-08 12:00:00,-52.93,5.89,41.9,2.26,13.66,395.18,0,88.3,114.85
2026-01-08 13:00:00,-56.67,4.5,40.9,1.15,11.11,450.27,0,88.9,132.96
2026-01-08 14:00:00,-57.83,4.48,23.3,0.0,0.0,328.81911545023416,1,87.6,98.68
2026-01-08 15:00:00,-55.34,1.54,80.5,10.26,0.0,445.09,0,86.8,131.18
2026-01-08 16:00:00,-57.23,0.0,69.5,3.09,2.32,459.6,0,85.2,134.78
2026-01-08 17:00:00,-55.65,7.59,15.1,6.11,50.31,416.86,0,86.3,107.99
2026-01-08 18:00:00,-56.24,3.86,34.3,0.0,0.0,438.74,0,85.3,131.04
2026-01-08 19:00:00,-57.23,3.89,21.5,0.0,0.0,408.95,0,84.7,123.1
2026-01-08 20:00:00,-58.48,9.84,37.8,0.0,132.57,387.31,0,83.4,73.72
2026-01-08 21:00:00,-59.33,7.89,70.1,0.0,0.0,382.28,1,83.0,114.38
2026-01-08 22:00:00,-56.58,13.47,29.0,3.86,298.25,325.82,0,82.9,7.74
2026-01-08 23:00:00,-53.25,13.22,36.2,0.0,300.0,303.63,0,83.7,1.33
2026-01-09 00:00:00,-53.67,14.26,24.1,2.36,300.0,278.36,0,82.4,0.78
2026-01-09 01:00:00,-55.81,8.67,61.3,4.81,73.86,319.07,0,81.8,71.52
2026-01-09 02:00:00,-52.25,16.63,15.5,0.0,300.0,257.48,0,83.2,0.0
2026-01-09 03:00:00,-51.21,13.67,64.3,0.0,300.0,226.51,0,84.2,1.1
2026-01-09 04:00:00,-53.27,11.34,92.7,2.23,244.03,279.5,0,83.5,10.73
2026-01-09 05:00:00,-50.89,12.13,70.1,0.0,288.26,271.71,0,83.5,1.57
2026-01-09 06:00:00,-50.98,5.37,53.2,2.33,0.0,327.750406393481,1,85.5,97.7
2026-01-09 07:00:00,-53.49,10.75,28.2,0.0,202.63,293.91,0,84.3,27.8
2026-01-09 08:00:00,-50.78,5.15,87.3,4.71,6.05,327.2324187714335,1,82.3,97.27
2026-01-09 09:00:00,-50.85,2.88,89.0,10.74,13.08,349.01,0,81.8,95.71
2026-01-09 10:00:00,-50.43,1.14,46.2,0.0,0.0,357.04,0,81.7,107.56
2026-01-09 11:00:00,-51.21,7.97,9.2,0.0,49.23,380.43,0,80.9,100.58
2026-01-09 12:00:00,-56.85,1.9,56.4,0.0,8.23,442.89,0,81.9,130.61
2026-01-09 13:00:00,-56.75,7.84,47.4,0.0,40.82,470.03,0,82.1,128.83
2026-01-09 14:00:00,-54.57,1.4,55.9,3.3,8.12,443.16,0,81.5,128.04
2026-01-09 15:00:00,-55.19,0.0,73.2,1.17,0.0,467.66,0,81.0,141.41
2026-01-09 16:00:00,-55.67,0.21,26.6,0.0,0.22,456.79,0,80.2,138.04
2026-01-09 17:00:00,-49.29,8.01,28.6,0.45,42.28,429.85,0,81.1,117.42
2026-01-09 18:00:00,-55.96,4.83,87.9,0.0,4.53,416.31,0,80.6,123.51
2026-01-09 19:00:00,-54.72,4.83,33.6,4.15,20.06,400.97,0,79.4,112.71
2026-01-09 20:00:00,-54.79,8.24,27.0,8.09,62.31,363.8,0,80.4,88.01
2026-01-09 21:00:00,-54.92,10.57,32.1,0.0,172.18,336.42,0,80.1,50.97
2026-01-09 22:00:00,-56.23,13.65,66.3,0.0,300.0,340.58,0,78.7,11.91
2026-01-09 23:00:00,-53.36,15.71,67.5,0.0,293.91,292.22,0,80.4,1.48
2026-01-10 00:00:00,-55.55,11.13,61.6,0.0,234.91,252.21,0,81.0,5.04
2026-01-10 01:00:00,-53.7,8.79,41.0,0.0,69.68,226.35,0,81.1,46.14
2026-01-10 02:00:00,-53.48,11.75,34.2,0.0,277.87,211.14,0,80.9,0.0
2026-01-10 03:00:00,-51.72,13.67,51.8,0.0,300.0,195.81,0,80.6,0.57
2026-01-10 04:00:00,-46.78,9.55,75.5,0.0,108.71,215.41,0,80.3,32.78
2026-01-10 05:00:00,-54.84,8.83,52.3,1.87,82.21,208.51,0,80.0,36.18
2026-01-10 06:00:00,-49.64,11.73,8.1,0.0,283.06,255.28,0,79.4,1.48
2026-01-10 07:00:00,-54.34,9.37,69.6,0.0,88.32,289.98,0,79.3,59.12
2026-01-10 08:00:00,-52.35,8.33,46.2,0.0,69.73,299.68,0,78.7,69.69
2026-01-10 09:00:00,-49.71,4.66,54.1,0.0,1.18,320.24,0,78.9,96.48
2026-01-10 10:00:00,-52.38,5.02,46.9,2.56,14.93,348.74,0,78.9,100.45
2026-01-10 11:00:00,-55.39,1.86,44.6,0.0,0.0,389.55,0,78.2,114.89
2026-01-10 12:00:00,-55.44,6.46,49.6,0.0,5.95,410.23,0,78.1,122.35
2026-01-10 13:00:00,-53.42,6.34,75.2,0.0,10.99,436.39,0,78.7,127.48
2026-01-10 14:00:00,-56.97,0.0,21.9,0.0,0.0,460.5,0,76.4,137.81
2026-01-10 15:00:00,-55.7,0.33,44.1,0.0,0.0,459.63,0,77.0,138.71
2026-01-10 16:00:00,-56.51,0.0,17.4,0.68,0.0,424.16,0,75.8,128.0
2026-01-10 17:00:00,-58.21,2.35,50.4,0.0,0.0,442.6,0,75.3,130.79
2026-01-10 18:00:00,-52.72,5.05,53.4,0.0,2.79,406.46,0,72.5,119.81
2026-01-10 19:00:00,-55.64,2.13,27.6,7.17,1.85,377.19,0,73.0,111.65
2026-01-10 20:00:00,-60.0,5.0,60.6,5.84,1.75,362.59,0,72.3,106.97
2026-01-10 21:00:00,-55.76,6.05,63.2,4.93,13.97,331.63,0,71.8,94.0
2026-01-10 22:00:00,-56.83,10.91,33.3,1.54,204.35,298.69,0,71.9,26.85
2026-01-10 23:00:00,-53.08,11.57,58.4,1.94,247.97,258.4,0,69.9,2.99
2026-01-11 00:00:00,-55.5,10.04,10.7,0.0,141.18,273.25,0,70.0,40.84
2026-01-11 01:00:00,-53.37,13.29,25.3,0.72,300.0,244.0,0,70.6,2.32
2026-01-11 02:00:00,-51.4,11.35,38.7,0.0,237.68,228.02,0,70.8,0.0
2026-01-11 03:00:00,-50.06,12.07,37.6,0.0,288.06,234.08,0,70.4,0.88
2026-01-11 04:00:00,-53.72,17.46,16.9,0.0,300.0,231.63,0,70.5,1.85
2026-01-11 05:00:00,-51.68,15.72,20.1,2.03,292.22,250.89,0,70.4,0.0
2026-01-11 06:00:00,-51.86,6.8,39.4,0.82,12.64,243.78,0,71.1,70.9
2026-01-11 07:00:00,-52.32,12.01,77.0,0.0,300.0,265.78,0,72.4,0.2
2026-01-11 08:00:00,-47.78,10.67,74.3,0.0,183.16,287.67,0,72.0,31.43
2026-01-11 09:00:00,-50.98,3.49,47.5,0.0,4.86,354.76,0,72.2,104.43
2026-01-11 10:00:00,-54.93,8.16,65.4,1.28,63.52,379.95,0,71.5,94.18
2026-01-11 11:00:00,-51.3,9.25,75.5,0.0,106.23,390.37,0,72.0,84.5
2026-01-11 12:00:00,-49.67,0.43,19.7,4.48,0.0,369.14,0,72.4,108.44
2026-01-11 13:00:00,-52.62,0.48,83.5,0.73,4.43,416.64,0,72.3,123.89
2026-01-11 14:00:00,-58.45,6.06,75.7,3.53,0.0,454.26,0,72.8,136.33
2026-01-11 15:00:00,-57.0,3.93,70.9,0.0,9.09,472.28,0,72.8,137.91
2026-01-11 16:00:00,-53.98,5.21,19.7,0.91,1.2,403.28,0,72.7,119.66
2026-01-11 17:00:00,-58.23,5.32,35.8,4.66,20.9,442.26,0,71.9,125.27
2026-01-11 18:00:00,-56.03,6.47,76.4,0.0,26.19,424.77,0,72.0,118.46
2026-01-11 19:00:00,-55.26,2.5,56.5,2.36,0.0,392.56,0,71.4,117.3
2026-01-11 20:00:00,-58.37,10.91,64.5,0.0,203.84,350.74,0,72.3,43.8
2026-01-11 21:00:00,-56.15,12.57,74.2,0.0,300.0,342.25,0,71.5,11.04
2026-01-11 22:00:00,-60.0,9.6,39.2,7.97,100.23,330.55,0,71.7,67.18
2026-01-11 23:00:00,-56.74,11.23,69.2,3.2,228.12,292.89,0,71.5,17.91
2026-01-12 00:00:00,-54.32,7.61,83.6,0.0,53.93,271.97,0,71.7,66.44
2026-01-12 01:00:00,-55.53,14.31,87.3,2.11,300.0,257.85,0,71.7,0.0
2026-01-12 02:00:00,-49.05,14.71,34.5,0.0,293.3,247.4,0,70.9,0.0
2026-01-12 03:00:00,-54.55,12.7,36.0,0.0,300.0,243.5,0,72.0,0.0
2026-01-12 04:00:00,-52.1,15.82,69.3,0.0,292.19,239.9,0,71.1,1.24
2026-01-12 05:00:00,-50.66,10.7,89.1,2.26,185.14,253.28,0,71.7,21.61
2026-01-12 06:00:00,-47.93,12.4,29.5,0.0,300.0,265.48,0,70.0,0.59
2026-01-12 07:00:00,-53.79,6.46,66.9,1.42,21.12,316.95,0,69.7,87.73
2026-01-12 08:00:00,-48.89,8.17,48.8,3.87,62.7,292.85,0,71.3,67.92
2026-01-12 09:00:00,-51.67,6.41,80.1,0.0,26.19,328.07272871197875,1,71.0,90.47
2026-01-12 10:00:00,-54.28,6.38,34.2,0.0,6.34,372.99,0,71.1,109.84
2026-01-12 11:00:00,-52.11,3.53,80.0,0.0,0.25,369.33,0,72.7,110.47
2026-01-12 12:00:00,-53.42,3.4,78.1,0.0,0.0,429.77,0,72.5,127.97
2026-01-12 13:00:00,-55.79,5.71,41.5,0.0,5.0,414.07,0,72.8,123.7
2026-01-12 14:00:00,-55.17,1.7,13.6,0.21,0.0,462.71,0,73.4,139.61
2026-01-12 15:00:00,-56.71,0.0,64.3,1.14,4.0,476.77,0,72.0,141.51
2026-01-12 16:00:00,-56.19,8.81,45.4,2.1,89.13,459.06,0,71.5,111.61
2026-01-12 17:00:00,-55.39,8.45,12.0,0.0,75.47,414.91,0,71.7,102.42
2026-01-12 18:00:00,-53.64,1.42,81.3,0.0,0.0,423.22,0,70.1,125.85
2026-01-12 19:00:00,-59.19,8.55,46.7,0.0,69.37,405.62,0,71.4,100.52
2026-01-12 20:00:00,-52.15,6.26,81.7,0.46,5.19,354.3,0,72.2,106.08
2026-01-12 21:00:00,-59.84,9.86,64.1,0.0,123.52,378.21,0,72.8,76.05
2026-01-12 22:00:00,-55.62,11.18,78.6,0.0,219.95,342.48,0,74.1,36.07
2026-01-12 23:00:00,-53.41,10.66,4.9,9.74,187.71,319.52,0,74.9,37.34
2026-01-13 00:00:00,-53.15,9.86,53.8,0.0,137.0,274.47,0,74.6,40.96
2026-01-13 01:00:00,-54.18,10.69,91.9,0.15,192.38,268.52,0,73.0,23.36
2026-01-13 02:00:00,-52.63,10.25,31.8,2.82,161.56,276.28,0,72.3,33.53
2026-01-13 03:00:00,-52.58,10.39,55.9,0.0,159.3,279.17,0,71.7,35.16
2026-01-13 04:00:00,-52.29,12.24,25.7,3.2,300.0,266.48,0,72.3,0.0
2026-01-13 05:00:00,-49.11,9.55,88.4,0.0,122.07,245.48,0,72.4,35.34
2026-01-13 06:00:00,-50.0,12.75,40.9,0.86,296.7,269.4,0,70.8,0.0
2026-01-13 07:00:00,-52.2,13.98,52.2,0.0,297.0,293.93,0,71.7,0.63
2026-01-13 08:00:00,-49.31,6.5,58.3,5.87,12.38,322.63,0,73.0,92.52
2026-01-13 09:00:00,-50.98,7.65,62.1,0.0,31.04,330.65,0,74.5,89.27
2026-01-13 10:00:00,-50.59,7.21,29.3,0.0,36.04,372.47,0,73.3,99.55
2026-01-13 11:00:00,-51.68,6.05,77.1,3.14,18.25,399.94,0,73.7,114.7
2026-01-13 12:00:00,-55.37,4.02,49.1,8.16,0.0,432.58,0,72.6,128.49
2026-01-13 13:00:00,-55.61,5.46,12.7,0.0,0.0,428.1,0,74.6,129.15
2026-01-13 14:00:00,-53.72,4.45,9.6,0.0,0.0,451.46,0,74.6,133.99
2026-01-13 15:00:00,-54.61,0.0,57.9,0.0,0.88,480.37,0,74.2,144.36
2026-01-13 16:00:00,-56.35,6.16,9.2,0.0,1.93,448.79,0,73.7,134.61
2026-01-13 17:00:00,-56.38,6.96,49.9,0.0,34.58,449.64,0,74.0,125.42
2026-01-13 18:00:00,-54.16,3.01,25.6,0.0,8.54,395.56,0,74.5,116.26
2026-01-13 19:00:00,-57.79,6.59,64.8,0.0,22.44,417.16,0,72.9,117.67
2026-01-13 20:00:00,-55.22,9.81,67.1,0.0,136.45,384.79,0,74.3,74.1
2026-01-13 21:00:00,-56.24,8.44,66.4,0.0,66.72,360.47,0,74.8,89.3
2026-01-13 22:00:00,-55.65,13.51,76.3,3.81,300.0,342.02,0,76.1,11.84
2026-01-13 23:00:00,-52.29,18.46,58.9,3.36,289.6,292.68,0,77.9,0.0
2026-01-14 00:00:00,-51.95,9.85,73.3,0.0,143.4,292.79,0,77.8,46.52
2026-01-14 01:00:00,-51.2,8.62,57.5,0.0,69.15,243.75,0,78.6,53.54
2026-01-14 02:00:00,-49.49,13.91,42.7,6.25,298.97,263.53,0,78.0,1.66
2026-01-14 03:00:00,-51.44,15.05,8.2,1.47,300.0,247.51,0,77.6,1.13
2026-01-14 04:00:00,-49.64,11.75,83.1,1.67,273.93,241.25,0,79.1,0.0
2026-01-14 05:00:00,-51.33,16.06,89.1,1.19,300.0,235.91,0,78.4,0.33
2026-01-14 06:00:00,-49.96,6.69,42.4,0.0,24.79,252.52,0,78.6,68.92
2026-01-14 07:00:00,-50.97,11.6,37.7,0.0,251.09,298.17,0,77.7,12.78
2026-01-14 08:00:00,-50.81,6.42,10.8,0.0,8.46,305.8,0,77.0,88.03
2026-01-14 09:00:00,-50.29,12.09,41.1,4.28,300.0,355.8,0,76.5,16.2
2026-01-14 10:00:00,-53.74,11.68,52.8,0.0,273.76,381.41,0,78.0,33.12
2026-01-14 11:00:00,-48.64,2.34,23.3,0.0,0.0,364.54,0,78.5,111.73
2026-01-14 12:00:00,-55.62,2.14,24.1,3.68,0.0,438.99,0,79.3,130.33
2026-01-14 13:00:00,-56.81,5.82,50.9,0.0,11.79,444.6,0,77.5,128.16
2026-01-14 14:00:00,-52.79,1.84,44.7,0.0,3.32,444.28,0,77.6,132.14
2026-01-14 15:00:00,-54.14,2.98,26.1,0.0,1.81,468.09,0,77.2,140.73
2026-01-14 16:00:00,-54.96,3.63,82.0,0.0,8.65,430.56,0,77.7,126.21
2026-01-14 17:00:00,-55.25,0.0,2.8,0.0,0.0,425.48,0,80.1,127.75
2026-01-14 18:00:00,-56.63,5.26,81.0,0.0,0.0,435.48,0,77.7,130.0
2026-01-14 19:00:00,-58.3,4.41,27.1,0.0,9.5,389.42,0,78.1,115.17
2026-01-14 20:00:00,-56.05,6.28,48.3,0.0,31.42,374.92,0,80.3,103.79
2026-01-14 21:00:00,-57.08,13.4,56.5,5.09,300.0,375.92,0,79.8,20.43
2026-01-14 22:00:00,-53.15,6.52,47.9,3.12,28.33,321.94,0,79.9,86.63
2026-01-14 23:00:00,-54.68,13.8,48.0,0.0,299.4,283.42,0,80.6,0.0
2026-01-15 00:00:00,-55.15,11.37,44.2,0.0,243.44,287.58,0,78.5,11.38
2026-01-15 01:00:00,-53.36,11.92,48.6,0.0,294.09,257.4,0,78.7,0.0
2026-01-15 02:00:00,-51.17,15.37,67.2,0.0,299.56,236.38,0,77.9,0.0
2026-01-15 03:00:00,-52.5,13.91,69.6,1.38,300.0,300.85,0,80.0,0.93
2026-01-15 04:00:00,-52.54,14.16,20.2,0.0,300.0,259.65,0,79.8,1.01
2026-01-15 05:00:00,-50.11,14.6,79.8,10.11,296.81,249.48,0,79.1,0.0
2026-01-15 06:00:00,-50.0,9.71,21.6,0.0,111.16,282.76,0,79.9,51.68
2026-01-15 07:00:00,-51.61,7.68,73.5,0.0,41.67,290.47,0,80.4,75.71
2026-01-15 08:00:00,-51.84,4.98,62.4,0.0,0.0,311.87,0,81.3,94.34
2026-01-15 09:00:00,-50.91,4.46,20.0,0.0,1.47,347.22,0,83.2,105.73
2026-01-15 10:00:00,-54.89,14.55,74.6,2.95,291.39,388.18,0,82.6,28.41
2026-01-15 11:00:00,-55.53,8.37,62.4,3.52,73.78,420.48,0,84.3,104.41
2026-01-15 12:00:00,-54.93,0.0,57.1,14.63,5.48,446.86,0,86.2,128.12
2026-01-15 13:00:00,-54.7,0.0,35.1,0.0,5.28,458.52,0,85.4,135.85
2026-01-15 14:00:00,-54.37,4.45,56.5,0.43,9.83,462.55,0,84.8,136.37
2026-01-15 15:00:00,-52.67,4.76,25.9,0.0,5.37,462.4,0,84.8,137.66
2026-01-15 16:00:00,-54.38,5.2,47.8,1.75,8.76,467.5,0,84.6,136.49
2026-01-15 17:00:00,-56.71,3.54,19.4,6.92,11.54,457.38,0,86.3,130.85
2026-01-15 18:00:00,-56.53,4.92,83.9,4.31,1.84,406.52,0,85.5,120.19
2026-01-15 19:00:00,-58.4,7.46,49.5,0.0,41.35,422.66,0,85.7,112.5
2026-01-15 20:00:00,-56.13,8.02,42.3,3.42,43.63,404.93,0,84.9,107.06
2026-01-15 21:00:00,-56.19,2.41,62.4,0.0,0.63,346.53,0,85.1,102.79
2026-01-15 22:00:00,-54.35,9.6,86.6,0.0,136.39,321.29,0,87.2,54.89
2026-01-15 23:00:00,-55.93,8.81,31.4,0.0,87.23,306.89,0,89.0,65.12
2026-01-16 00:00:00,-52.34,12.73,60.2,3.05,299.31,279.16,0,89.4,0.77
2026-01-16 01:00:00,-49.54,21.72,55.1,1.74,300.0,243.69,0,50.0,0.45
2026-01-16 02:00:00,-52.1,14.1,49.9,9.53,299.83,250.57,0,50.5,0.05
2026-01-16 03:00:00,-50.45,11.94,5.0,0.55,295.89,249.05,0,50.2,0.0
2026-01-16 04:00:00,-49.4,15.21,65.2,0.0,296.81,211.45,0,52.1,1.03
2026-01-16 05:00:00,-51.28,13.15,71.3,5.78,300.0,258.36,0,53.4,0.9
2026-01-16 06:00:00,-49.93,11.96,78.3,0.0,300.0,263.34,0,53.7,0.0
2026-01-16 07:00:00,-50.46,11.34,68.5,1.94,238.77,265.78,0,53.4,8.88
2026-01-16 08:00:00,-50.59,14.41,40.6,2.24,300.0,324.35,0,53.3,6.44
2026-01-16 09:00:00,-52.8,3.54,26.8,0.0,2.79,353.07,0,53.6,105.29
2026-01-16 10:00:00,-51.83,7.13,6.0,1.94,24.77,373.85,0,53.6,103.57
2026-01-16 11:00:00,-51.61,1.86,68.0,10.93,3.88,403.99,0,54.7,116.36
2026-01-16 12:00:00,-50.48,5.46,51.8,5.68,12.37,416.97,0,55.2,119.05
2026-01-16 13:00:00,-52.24,0.48,50.2,0.0,11.72,422.25,0,54.3,123.85
2026-01-16 14:00:00,-50.57,1.75,30.5,11.69,2.55,449.15,0,53.1,130.85
2026-01-16 15:00:00,-57.04,2.23,12.6,3.45,0.0,474.53,0,54.1,140.27
2026-01-16 16:00:00,-54.23,6.48,90.8,2.12,16.52,433.0,0,52.9,124.87
2026-01-16 17:00:00,-55.91,7.06,80.7,0.0,18.4,457.54,0,52.6,133.53
2026-01-16 18:00:00,-52.0,1.56,81.9,3.41,5.82,412.46,0,52.2,120.31
2026-01-16 19:00:00,-57.89,6.64,85.1,0.56,3.37,422.86,0,50.9,124.96
2026-01-16 20:00:00,-57.66,5.64,54.9,0.1,15.77,391.14,0,51.2,112.59
2026-01-16 21:00:00,-56.7,5.29,43.2,0.0,14.1,357.52,0,51.1,104.4
2026-01-16 22:00:00,-59.13,9.64,40.6,4.87,97.03,349.6,0,50.5,73.87
2026-01-16 23:00:00,-55.21,10.44,35.0,4.31,179.68,300.63,0,52.6,36.83
2026-01-17 00:00:00,-54.78,19.49,36.4,0.0,300.0,279.83,0,50.1,0.0
2026-01-17 01:00:00,-52.18,14.06,59.8,0.0,297.68,258.61,0,89.3,0.19
2026-01-17 02:00:00,-51.08,8.86,23.5,0.18,73.28,218.44,0,88.7,41.79
2026-01-17 03:00:00,-47.39,11.19,53.9,0.0,219.37,209.66,0,87.3,0.0
2026-01-17 04:00:00,-48.76,15.51,17.7,0.0,293.93,214.08,0,89.6,0.0
2026-01-17 05:00:00,-51.52,17.96,49.1,0.0,300.0,243.59,0,51.8,0.27
2026-01-17 06:00:00,-52.06,5.94,53.7,0.0,6.87,275.12,0,51.1,81.72
2026-01-17 07:00:00,-49.38,3.88,81.3,0.0,7.52,472.7183455992206,1,52.4,138.86
2026-01-17 08:00:00,-53.3,13.85,22.6,1.46,299.01,282.74,0,53.0,0.42
2026-01-17 09:00:00,-47.48,8.1,32.2,0.13,55.03,311.19,0,54.7,75.47
2026-01-17 10:00:00,-49.4,3.1,36.1,0.0,0.0,346.87,0,54.6,105.07
2026-01-17 11:00:00,-53.42,6.24,66.4,2.55,4.82,366.14,0,55.0,108.94
2026-01-17 12:00:00,-56.69,0.0,23.9,0.0,10.34,413.49,0,56.4,121.98
2026-01-17 13:00:00,-51.33,3.25,38.6,1.66,0.0,399.48,0,57.6,120.38
2026-01-17 14:00:00,-54.99,3.99,75.3,6.69,2.8,424.86,0,57.8,124.52
2026-01-17 15:00:00,-52.91,5.89,68.7,0.0,24.38,447.77,0,56.9,127.29
2026-01-17 16:00:00,-59.05,0.52,26.3,9.5,0.0,438.6,0,56.1,128.63
2026-01-17 17:00:00,-57.36,4.56,41.3,0.25,0.09,423.27,0,54.2,126.83
2026-01-17 18:00:00,-56.25,2.52,58.4,0.0,9.65,411.44,0,55.0,119.79
2026-01-17 19:00:00,-56.06,7.25,85.6,4.25,31.69,404.56,0,55.2,110.87
2026-01-17 20:00:00,-56.76,5.08,77.3,0.0,6.26,365.52,0,55.5,108.2
2026-01-17 21:00:00,-54.14,7.84,65.0,5.26,54.63,324.05,0,55.5,80.23
2026-01-17 22:00:00,-56.9,7.31,36.2,2.07,32.95,323.5,0,54.4,86.94
2026-01-17 23:00:00,-54.32,13.32,27.6,0.0,300.0,295.15,0,54.7,0.88
2026-01-18 00:00:00,-52.9,14.78,21.4,7.61,299.07,275.16,0,55.3,0.0
2026-01-18 01:00:00,-51.33,12.06,19.7,0.0,300.0,236.85,0,54.4,1.42
2026-01-18 02:00:00,-50.22,13.11,38.8,0.0,300.0,231.2,0,54.4,0.0
2026-01-18 03:00:00,-53.27,8.54,31.6,4.4,68.17,241.67,0,53.7,48.68
2026-01-18 04:00:00,-53.61,11.54,27.2,1.75,256.91,236.97,0,53.5,0.0
2026-01-18 05:00:00,-47.69,11.55,18.5,6.42,237.66,246.26,0,52.4,1.23
2026-01-18 06:00:00,-49.47,18.56,28.2,0.0,300.0,257.47,0,52.1,0.08
2026-01-18 07:00:00,-51.74,6.18,98.1,0.0,3.2,303.46,0,53.7,88.14
2026-01-18 08:00:00,-47.44,12.63,66.8,0.0,291.45,300.2,0,53.2,2.84
2026-01-18 09:00:00,-50.79,9.93,13.9,4.67,133.46,293.47,0,52.6,46.73
2026-01-18 10:00:00,-49.28,6.55,76.8,3.25,4.07,337.75,0,51.9,98.16
2026-01-18 11:00:00,-52.23,9.91,31.4,1.07,139.52,352.42,0,51.8,64.11
2026-01-18 12:00:00,-49.02,4.91,17.0,1.11,5.76,378.19,0,53.5,111.26
2026-01-18 13:00:00,-50.4,4.4,4.8,0.0,0.0,402.23,0,55.0,118.72
2026-01-18 14:00:00,-55.14,2.85,79.8,3.84,0.0,445.04,0,54.8,133.06
2026-01-18 15:00:00,-53.32,6.79,72.5,3.95,16.86,423.37,0,54.2,120.94
2026-01-18 16:00:00,-54.45,6.85,41.5,11.46,28.4,450.86,0,52.4,124.81
2026-01-18 17:00:00,-53.3,2.42,78.8,2.35,0.0,406.47,0,51.5,120.37
2026-01-18 18:00:00,-58.07,1.34,10.6,3.16,0.0,410.59,0,89.5,122.0
2026-01-18 19:00:00,-54.66,5.87,50.2,2.39,0.0,365.38,0,50.3,109.96
2026-01-18 20:00:00,-53.62,5.36,50.8,0.0,11.56,753.1061220740698,1,51.6,221.55
2026-01-18 21:00:00,-58.78,8.87,51.0,6.25,80.55,370.02,0,51.2,86.0
2026-01-18 22:00:00,-57.0,14.01,33.3,0.0,300.0,313.14,0,51.6,5.0
2026-01-18 23:00:00,-57.99,9.99,84.9,0.0,150.54,271.76,0,50.5,36.68
2026-01-19 00:00:00,-53.55,12.08,27.9,0.0,300.0,276.82,0,88.6,0.0
2026-01-19 01:00:00,-50.8,12.94,87.2,0.0,291.82,259.28,0,88.6,0.0
2026-01-19 02:00:00,-48.51,15.54,79.6,0.0,300.0,229.41,0,89.0,0.0
2026-01-19 03:00:00,-50.74,6.14,53.8,1.08,21.71,277.48,0,50.7,76.72
2026-01-19 04:00:00,-47.16,10.62,9.1,0.0,187.65,262.27,0,52.8,19.51
2026-01-19 05:00:00,-52.87,12.33,32.8,0.0,300.0,235.78,0,52.5,0.0
2026-01-19 06:00:00,-53.42,14.3,30.0,2.45,285.73,262.24,0,53.4,0.0
2026-01-19 07:00:00,-50.23,8.04,37.6,0.38,58.13,297.57,0,53.7,70.73
2026-01-19 08:00:00,-49.65,2.61,53.0,0.0,0.0,296.99,0,53.7,89.28
2026-01-19 09:00:00,-50.96,8.79,22.3,0.0,85.2,345.62,0,53.7,76.66
2026-01-19 10:00:00,-55.65,3.8,18.8,0.49,5.35,382.99,0,53.5,114.35
2026-01-19 11:00:00,-52.41,1.07,39.7,0.0,4.72,396.64,0,53.4,118.49
2026-01-19 12:00:00,-55.62,1.92,33.8,0.0,0.0,442.85,0,55.1,134.21
2026-01-19 13:00:00,-52.45,2.68,55.4,0.0,10.53,461.06,0,55.3,134.63
2026-01-19 14:00:00,-53.78,1.19,2.8,1.27,4.08,453.87,0,57.1,134.76
2026-01-19 15:00:00,-57.01,0.0,42.0,5.97,2.57,442.85,0,56.2,131.12
2026-01-19 16:00:00,-56.64,6.25,63.3,1.74,6.65,458.67,0,53.3,134.95
2026-01-19 17:00:00,-58.03,8.13,26.5,4.43,58.73,441.93,0,52.9,113.06
2026-01-19 18:00:00,-56.14,7.25,66.5,0.0,47.42,459.01,0,52.0,123.6
2026-01-19 19:00:00,-54.0,3.07,65.3,0.71,0.0,412.4,0,50.5,123.3
2026-01-19 20:00:00,-57.58,7.16,66.1,8.26,35.47,394.66,0,51.8,104.21
2026-01-19 21:00:00,-54.13,9.05,75.8,4.14,97.98,362.13,0,50.5,75.62
2026-01-19 22:00:00,-55.57,12.09,59.7,4.69,300.0,330.25,0,51.1,6.74
2026-01-19 23:00:00,-55.37,13.37,46.1,0.0,300.0,324.89,0,53.1,5.11
2026-01-20 00:00:00,-53.1,10.0,27.2,0.0,141.24,270.03,0,51.9,37.77
2026-01-20 01:00:00,-54.18,13.01,2.9,2.03,300.0,280.34,0,51.7,1.42
2026-01-20 02:00:00,-52.49,14.37,79.3,0.0,297.86,274.76,0,53.1,0.0
2026-01-20 03:00:00,-53.16,17.25,45.2,0.0,300.0,237.27,0,52.7,0.45
2026-01-20 04:00:00,-46.35,14.56,72.7,1.98,287.61,237.52,0,53.0,1.22
2026-01-20 05:00:00,-49.91,14.07,41.1,4.81,296.1,259.38,0,53.6,0.0
2026-01-20 06:00:00,-51.28,10.95,75.4,0.28,210.34,257.01,0,53.8,15.71
2026-01-20 07:00:00,-49.56,13.75,40.0,0.0,300.0,268.15,0,53.3,0.0
2026-01-20 08:00:00,-50.51,9.47,47.1,0.0,111.35,301.91,0,52.6,58.53
2026-01-20 09:00:00,-51.2,4.35,41.0,0.0,0.0,342.82,0,51.5,103.12
2026-01-20 10:00:00,-50.15,9.92,45.3,0.0,134.68,372.61,0,52.1,70.92
2026-01-20 11:00:00,-50.59,6.73,29.3,0.0,18.42,386.23,0,51.4,107.44
2026-01-20 12:00:00,-53.94,2.46,35.6,0.0,0.0,451.49,0,52.6,134.33
2026-01-20 13:00:00,-54.81,1.8,49.0,0.0,0.0,456.43,0,54.2,137.61
2026-01-20 14:00:00,-54.93,3.9,63.4,0.0,0.0,458.17,0,53.0,138.99
2026-01-20 15:00:00,-59.61,4.5,90.1,0.0,0.0,462.37,0,53.8,137.31
2026-01-20 16:00:00,-58.51,4.15,29.8,3.16,3.03,463.17,0,55.8,137.03
2026-01-20 17:00:00,-53.05,5.24,20.0,0.0,10.02,452.28,0,55.0,132.23
2026-01-20 18:00:00,-52.59,10.4,9.1,0.0,178.75,432.28,0,56.2,76.48
2026-01-20 19:00:00,-56.28,9.69,31.5,3.77,130.1,422.48,0,56.7,86.67
2026-01-20 20:00:00,-54.33,8.34,42.8,0.64,69.14,374.32,0,57.7,90.99
2026-01-20 21:00:00,-54.38,11.89,52.2,0.0,291.5,345.3,0,56.9,16.78
2026-01-20 22:00:00,-48.22,7.2,61.0,4.98,16.39,287.37,0,58.9,79.11
2026-01-20 23:00:00,-51.42,12.56,35.9,0.36,300.0,302.19,0,58.2,0.56
2026-01-21 00:00:00,-53.0,17.64,59.7,3.85,300.0,255.51,0,58.8,0.77
2026-01-21 01:00:00,-53.88,12.11,59.3,0.0,300.0,264.8,0,58.8,0.0
2026-01-21 02:00:00,-54.46,10.45,30.5,8.02,174.7,250.48,0,59.3,19.97
2026-01-21 03:00:00,-50.22,10.93,30.4,0.0,204.18,244.0,0,58.3,11.39
2026-01-21 04:00:00,-51.66,9.17,7.1,0.0,112.33,265.87,0,57.1,46.51
2026-01-21 05:00:00,-52.69,9.34,64.7,0.0,111.66,281.77,0,57.4,51.38
2026-01-21 06:00:00,-51.04,9.59,47.0,2.51,120.49,282.95,0,57.0,47.47
2026-01-21 07:00:00,-52.01,5.3,57.8,0.8,8.65,284.57,0,56.6,82.88
2026-01-21 08:00:00,-46.77,8.28,38.5,0.0,61.06,304.09,0,57.2,70.1
2026-01-21 09:00:00,-48.86,9.64,52.4,0.0,0.0,323.47,1,55.7,97.88
2026-01-21 10:00:00,-51.26,2.98,57.1,0.09,0.0,359.85,0,56.9,108.82
2026-01-21 11:00:00,-49.01,9.19,47.3,0.0,90.28,394.27,0,57.0,90.69
2026-01-21 12:00:00,-52.59,5.33,47.0,0.0,0.88,403.87,0,57.7,120.19
2026-01-21 13:00:00,-55.25,6.33,72.4,2.69,18.8,435.54,0,58.3,124.16
2026-01-21 14:00:00,-51.2,1.03,58.4,0.91,0.0,424.15,0,58.9,126.06
2026-01-21 15:00:00,-53.79,5.68,27.4,0.0,3.75,461.24,0,57.7,136.49
2026-01-21 16:00:00,-57.42,0.28,20.7,0.0,0.0,453.44,0,58.8,136.34
2026-01-21 17:00:00,-56.03,6.97,34.5,6.8,26.68,411.45,0,59.1,114.2
2026-01-21 18:00:00,-57.5,5.81,29.2,9.91,12.76,457.72,0,58.6,130.83
2026-01-21 19:00:00,-58.41,8.14,50.9,8.72,50.72,430.43,0,58.5,114.18
2026-01-21 20:00:00,-53.49,4.24,6.9,3.5,0.0,346.12,0,58.9,104.03
2026-01-21 21:00:00,-51.05,6.38,32.8,0.0,10.45,354.17,0,59.0,103.85
2026-01-21 22:00:00,-57.04,12.08,48.1,0.0,296.88,358.08,0,59.6,19.06
2026-01-21 23:00:00,-52.4,8.52,49.4,0.0,68.81,294.4,0,61.3,67.76
2026-01-22 00:00:00,-53.91,13.6,60.8,0.0,300.0,283.25,0,60.3,0.5
2026-01-22 01:00:00,-52.81,8.66,18.3,0.0,66.52,257.05,0,61.0,57.36
2026-01-22 02:00:00,-52.29,15.54,47.3,0.97,300.0,258.07,0,60.9,1.05
2026-01-22 03:00:00,-52.22,9.19,21.8,0.0,87.73,262.16,0,62.0,52.05
2026-01-22 04:00:00,-49.91,14.1,61.2,8.04,300.0,225.27,0,63.7,0.0
2026-01-22 05:00:00,-51.37,13.58,28.5,7.53,296.19,246.92,0,63.9,1.18
2026-01-22 06:00:00,-49.07,8.61,39.7,0.0,65.37,268.02,0,64.5,60.34
2026-01-22 07:00:00,-49.81,11.27,40.4,0.0,243.3,294.08,0,65.7,14.29
2026-01-22 08:00:00,-50.49,9.02,65.3,0.0,90.43,321.7,0,66.7,68.63
2026-01-22 09:00:00,-52.3,5.32,24.5,6.31,5.49,344.01,0,68.0,100.41
2026-01-22 10:00:00,-52.26,2.68,14.3,0.0,0.0,359.43,0,67.7,110.5
2026-01-22 11:00:00,-50.32,0.0,45.0,1.3,0.0,405.74,0,67.1,120.44
2026-01-22 12:00:00,-51.61,4.84,34.8,0.0,1.15,397.22,0,66.0,119.47
2026-01-22 13:00:00,-55.34,0.0,52.9,0.73,0.0,435.24,0,65.8,130.51
2026-01-22 14:00:00,-53.91,3.29,93.3,4.72,0.0,448.59,0,65.7,134.29
2026-01-22 15:00:00,-53.23,2.32,53.1,2.06,3.14,456.97,0,65.6,136.17
2026-01-22 16:00:00,-58.55,5.59,54.2,2.88,16.61,457.86,0,66.1,132.7
2026-01-22 17:00:00,-54.42,3.4,8.4,0.0,10.93,451.16,0,66.6,132.36
2026-01-22 18:00:00,-56.93,4.31,81.9,10.69,0.0,450.26,0,66.5,131.04
2026-01-22 19:00:00,-54.37,8.68,35.9,0.0,76.95,393.77,0,66.9,94.37
2026-01-22 20:00:00,-56.73,8.77,62.0,0.78,61.51,391.95,0,67.7,99.11
2026-01-22 21:00:00,-58.34,10.01,22.4,0.0,138.95,368.71,0,66.9,69.4
2026-01-22 22:00:00,-57.36,11.7,12.8,0.0,277.58,331.08,0,67.8,15.67
2026-01-22 23:00:00,-53.29,6.76,40.0,4.35,21.74,271.28,0,67.2,75.57
2026-01-23 00:00:00,-51.95,14.48,30.0,0.0,297.35,280.45,0,68.7,0.94
2026-01-23 01:00:00,-53.5,14.6,32.0,0.0,299.89,270.86,0,68.8,0.0
2026-01-23 02:00:00,-49.69,9.94,47.0,0.0,147.82,258.79,0,68.9,33.17
2026-01-23 03:00:00,-53.67,12.15,78.9,5.61,298.04,245.98,0,67.1,0.0
2026-01-23 04:00:00,-50.0,12.33,35.0,1.33,300.0,233.4,0,67.8,1.91
2026-01-23 05:00:00,-51.99,11.29,76.0,3.19,246.61,245.65,0,67.9,0.0
2026-01-23 06:00:00,-50.77,11.7,89.0,4.06,269.16,226.63,0,68.0,0.42
2026-01-23 07:00:00,-49.47,13.81,29.6,9.96,286.91,282.34,0,67.9,0.12
2026-01-23 08:00:00,-51.59,11.48,33.3,9.08,261.89,360.39,0,68.6,27.64
2026-01-23 09:00:00,-51.12,3.0,40.6,1.62,8.12,362.42,0,69.4,106.13
2026-01-23 10:00:00,-48.95,7.57,46.4,0.79,21.54,347.85,0,69.9,99.73
2026-01-23 11:00:00,-52.84,8.62,67.6,0.0,72.01,390.8,0,71.2,96.55
2026-01-23 12:00:00,-50.8,4.95,36.3,3.72,2.87,405.3,0,70.5,117.77
2026-01-23 13:00:00,-55.5,6.51,65.8,3.54,28.74,464.08,0,69.9,130.94
2026-01-23 14:00:00,-52.91,9.04,70.2,0.0,90.56,478.69,0,70.3,116.64
2026-01-23 15:00:00,-51.71,6.19,36.2,3.6,14.69,446.48,0,70.9,129.86
2026-01-23 16:00:00,-60.0,4.3,72.7,5.04,2.48,470.55,0,71.5,138.59
2026-01-23 17:00:00,-56.96,7.44,35.5,0.0,32.29,455.29,0,70.2,125.84
2026-01-23 18:00:00,-54.31,5.73,83.7,0.95,18.75,423.4,0,69.0,119.86
2026-01-23 19:00:00,-55.77,6.55,66.6,0.0,12.07,411.54,0,68.8,120.9
2026-01-23 20:00:00,-54.32,6.71,88.8,0.0,17.13,379.56,0,67.0,109.53
2026-01-23 21:00:00,-55.8,13.76,68.3,0.0,299.95,364.57,0,67.3,18.79
2026-01-23 22:00:00,-53.79,7.84,23.9,0.0,35.95,295.46,0,67.2,75.18
2026-01-23 23:00:00,-53.56,15.96,94.6,0.0,300.0,293.49,0,66.3,1.1
2026-01-24 00:00:00,-49.99,13.71,67.5,0.0,299.99,231.51,0,65.7,0.0
2026-01-24 01:00:00,-51.04,8.57,76.5,1.77,77.71,246.87,0,65.8,52.39
2026-01-24 02:00:00,-50.15,14.1,27.4,1.85,292.34,212.07,0,64.3,0.0
2026-01-24 03:00:00,-51.02,6.59,21.9,1.56,24.73,199.59,0,63.7,52.0
2026-01-24 04:00:00,-50.7,14.32,59.9,0.0,300.0,198.68,0,63.5,0.23
2026-01-24 05:00:00,-50.29,14.35,9.3,0.0,300.0,241.01,0,63.2,0.36
2026-01-24 06:00:00,-48.53,8.92,61.1,0.0,100.62,230.95,0,62.9,39.42
2026-01-24 07:00:00,-50.27,9.89,32.6,0.12,130.14,268.74,0,64.2,41.67
2026-01-24 08:00:00,-49.14,14.1,61.2,0.0,298.51,315.28,0,65.2,4.6
2026-01-24 09:00:00,-46.05,5.42,50.6,1.55,0.0,313.78,0,64.6,93.45
2026-01-24 10:00:00,-49.08,2.53,55.6,4.88,0.0,335.47,0,63.5,98.53
2026-01-24 11:00:00,-52.2,9.08,31.6,0.0,97.8,358.97,0,63.1,78.47
2026-01-24 12:00:00,-49.92,9.68,79.7,0.0,127.55,397.0,0,64.3,79.08
2026-01-24 13:00:00,-53.91,3.25,87.7,0.68,13.13,416.4,0,62.2,121.09
2026-01-24 14:00:00,-57.9,6.04,26.1,0.0,15.48,448.97,0,62.3,129.95
2026-01-24 15:00:00,-56.46,7.14,66.5,3.72,29.21,403.63,0,62.0,112.05
2026-01-24 16:00:00,-58.66,1.33,7.6,0.04,0.0,459.63,0,63.2,137.57
2026-01-24 17:00:00,-55.92,2.85,49.7,8.7,6.93,398.67,0,64.2,115.51
2026-01-24 18:00:00,-55.29,8.99,52.9,0.0,87.19,399.32,0,62.7,94.19
2026-01-24 19:00:00,-51.87,11.53,22.7,4.2,262.52,396.46,0,63.9,38.78
2026-01-24 20:00:00,-54.27,9.45,41.9,1.0,107.03,325.19,0,61.6,65.5
2026-01-24 21:00:00,-54.88,6.43,79.5,0.0,26.21,333.34,0,62.2,90.8
2026-01-24 22:00:00,-52.16,16.25,83.0,0.0,300.0,296.48,0,62.9,1.34
2026-01-24 23:00:00,-57.52,9.77,34.2,0.0,135.63,292.13,0,64.6,46.4
2026-01-25 00:00:00,-51.7,11.2,18.9,6.05,229.99,259.73,0,64.8,6.93
2026-01-25 01:00:00,-49.85,13.79,39.9,5.48,292.6,233.17,0,64.1,0.0
2026-01-25 02:00:00,-53.63,17.66,60.6,0.0,297.08,214.2,0,63.1,0.0
2026-01-25 03:00:00,-47.76,15.45,47.7,0.0,289.76,214.74,0,64.6,1.64
2026-01-25 04:00:00,-48.9,13.69,41.4,0.0,300.0,219.83,0,66.3,0.14
2026-01-25 05:00:00,-50.11,13.09,28.1,0.0,288.3,232.82,0,65.8,0.0
2026-01-25 06:00:00,-47.91,10.83,25.9,0.0,199.9,274.31,0,65.8,22.02
2026-01-25 07:00:00,-44.73,11.19,63.8,8.55,197.12,274.25,0,67.2,20.58
2026-01-25 08:00:00,-49.21,0.65,37.1,0.0,6.48,319.16,0,68.0,94.53
2026-01-25 09:00:00,-49.56,6.05,53.7,1.96,2.85,323.84,0,67.8,95.9
2026-01-25 10:00:00,-51.59,6.43,3.0,8.79,8.98,377.43,0,67.0,108.11
2026-01-25 11:00:00,-53.1,1.18,34.7,3.87,10.97,366.46,0,66.2,104.56
2026-01-25 12:00:00,-50.51,4.95,84.7,0.0,5.61,386.85,0,67.1,114.08
2026-01-25 13:00:00,-54.66,2.62,78.4,0.0,6.77,411.88,0,66.8,121.69
2026-01-25 14:00:00,-53.53,8.27,34.8,1.37,52.19,419.74,0,66.4,109.82
2026-01-25 15:00:00,-55.25,7.83,38.3,0.75,54.06,436.37,0,67.0,114.05
2026-01-25 16:00:00,-53.81,2.16,14.4,6.16,0.0,431.08,0,67.1,126.97
2026-01-25 17:00:00,-54.4,3.85,70.7,2.74,1.19,426.27,0,67.4,127.14
2026-01-25 18:00:00,-53.1,5.08,15.6,0.0,15.63,426.18,0,67.1,123.63
2026-01-25 19:00:00,-56.09,5.12,41.5,0.0,0.0,365.4,0,66.8,110.61
2026-01-25 20:00:00,-55.31,8.35,57.0,0.0,70.32,343.73,0,66.0,82.22
2026-01-25 21:00:00,-56.25,6.79,8.6,0.0,0.0,302.12,1,66.7,88.56
2026-01-25 22:00:00,-54.56,6.9,39.8,0.0,22.71,295.17,0,66.8,84.1
2026-01-25 23:00:00,-52.19,13.23,93.8,4.55,291.25,269.91,0,67.1,0.0
2026-01-26 00:00:00,-50.51,14.1,27.0,2.95,298.21,260.34,0,66.1,0.0
2026-01-26 01:00:00,-53.09,10.35,35.8,2.79,156.85,245.58,0,66.8,25.72
2026-01-26 02:00:00,-48.78,15.68,54.7,0.0,300.0,241.08,0,67.1,0.0
2026-01-26 03:00:00,-47.19,10.99,47.2,0.0,210.64,225.77,0,67.8,3.72
2026-01-26 04:00:00,-48.6,13.2,87.5,0.0,294.58,225.94,0,68.2,0.61
2026-01-26 05:00:00,-45.37,14.16,71.8,0.51,288.5,241.77,0,68.5,0.0
2026-01-26 06:00:00,-50.57,10.6,62.0,2.64,176.94,262.4,0,66.6,24.76
2026-01-26 07:00:00,-51.61,10.88,11.1,0.0,211.25,312.18,0,67.8,27.78
2026-01-26 08:00:00,-52.98,6.69,39.9,0.0,21.57,320.6,0,66.5,89.48
2026-01-26 09:00:00,-46.91,6.35,72.7,3.4,14.03,325.48,0,67.5,91.34
2026-01-26 10:00:00,-49.21,5.09,44.4,0.0,17.35,367.44,0,67.4,104.5
2026-01-26 11:00:00,-51.36,2.4,29.6,0.0,0.0,363.99,0,65.8,109.43
2026-01-26 12:00:00,-51.46,3.26,44.0,0.03,0.0,433.29,0,65.7,129.36
2026-01-26 13:00:00,-55.05,0.0,52.0,4.5,3.23,453.53,0,64.2,133.26
2026-01-26 14:00:00,-48.63,1.53,23.9,0.0,3.36,420.59,0,65.3,125.27
2026-01-26 15:00:00,-53.88,2.26,62.0,8.95,0.0,434.68,0,64.8,127.21
2026-01-26 16:00:00,-54.4,2.79,15.9,0.0,0.0,434.64,0,63.8,129.34
2026-01-26 17:00:00,-53.47,3.58,29.7,7.75,11.66,415.86,0,64.4,117.21
2026-01-26 18:00:00,-54.06,5.11,31.1,6.0,0.4,397.44,0,64.4,117.65
2026-01-26 19:00:00,-54.47,7.92,75.5,0.0,37.4,381.77,0,64.9,102.79
2026-01-26 20:00:00,-56.2,10.39,30.1,0.0,167.63,344.78,0,64.8,51.48
2026-01-26 21:00:00,-53.2,7.12,24.2,3.6,35.94,344.15,0,66.0,92.63
2026-01-26 22:00:00,-49.76,6.68,37.3,0.0,18.98,311.35,0,65.6,88.05
2026-01-26 23:00:00,-50.11,8.24,33.2,0.0,63.51,309.55,0,64.0,72.62
2026-01-27 00:00:00,-48.68,10.75,84.7,9.06,183.18,280.14,0,62.9,25.67
2026-01-27 01:00:00,-52.11,11.71,34.0,0.0,276.95,248.72,0,63.3,1.05
2026-01-27 02:00:00,-52.34,10.68,88.7,0.0,178.77,246.71,0,62.7,20.21
2026-01-27 03:00:00,-49.99,9.0,39.8,0.0,91.33,256.52,0,63.9,49.14
2026-01-27 04:00:00,-49.15,11.07,72.2,0.0,222.42,234.13,0,62.8,4.26
2026-01-27 05:00:00,-46.78,12.24,27.4,0.46,300.0,246.3,0,63.8,0.0
2026-01-27 06:00:00,-52.25,12.49,81.6,0.0,290.12,266.95,0,63.4,1.23
2026-01-27 07:00:00,-45.91,7.85,52.3,4.05,37.41,278.32,0,64.7,70.65
2026-01-27 08:00:00,-49.58,7.0,22.1,4.71,39.08,314.11,0,65.2,80.53
2026-01-27 09:00:00,-50.6,4.16,84.4,1.16,0.0,336.57,0,65.4,100.64
2026-01-27 10:00:00,-52.39,5.61,30.0,1.22,13.44,389.04,0,66.0,113.28
2026-01-27 11:00:00,-54.4,2.09,45.5,0.82,0.95,390.24,0,67.3,116.79
2026-01-27 12:00:00,-50.22,5.51,63.3,0.0,0.0,413.1,0,67.2,124.03
2026-01-27 13:00:00,-52.49,0.0,22.9,0.0,0.0,460.83,0,65.3,137.44
2026-01-27 14:00:00,-55.94,1.93,4.7,6.62,13.6,459.08,0,66.5,130.7
2026-01-27 15:00:00,-56.58,4.02,84.6,3.68,28.35,447.79,0,66.3,125.69
2026-01-27 16:00:00,-55.13,4.11,33.6,1.03,0.0,457.2,0,68.8,137.92
2026-01-27 17:00:00,-51.42,12.38,13.1,3.0,296.91,467.34,0,68.2,51.27
2026-01-27 18:00:00,-55.38,6.35,58.3,0.0,2.36,427.44,0,67.8,128.32
2026-01-27 19:00:00,-57.77,3.47,41.7,0.92,0.0,425.21,0,68.6,127.73
2026-01-27 20:00:00,-54.95,7.48,42.7,2.97,30.14,380.81,0,69.3,104.74
2026-01-27 21:00:00,-54.53,3.74,45.6,0.0,0.0,357.72,0,69.8,107.45
2026-01-27 22:00:00,-58.76,10.05,77.4,4.53,144.0,339.22,0,69.2,57.77
2026-01-27 23:00:00,-52.75,8.87,61.6,4.17,88.76,282.98,0,68.0,56.97
2026-01-28 00:00:00,-52.17,14.95,16.7,0.0,300.0,281.41,0,67.4,0.56
2026-01-28 01:00:00,-49.54,11.11,10.0,6.22,225.16,233.67,0,65.9,1.6
2026-01-28 02:00:00,-46.51,12.64,75.3,0.0,295.09,228.25,0,67.9,0.0
2026-01-28 03:00:00,-47.33,10.98,98.5,1.76,208.56,260.67,0,66.9,16.2
2026-01-28 04:00:00,-49.64,17.66,55.0,0.2,297.09,241.25,0,66.6,0.0
2026-01-28 05:00:00,-51.02,10.73,44.6,0.0,179.94,242.61,0,67.3,20.26
2026-01-28 06:00:00,-43.56,16.2,54.4,0.1,284.21,253.58,0,67.3,1.27
2026-01-28 07:00:00,-48.69,11.96,52.5,2.91,290.66,277.77,0,66.7,0.0
2026-01-28 08:00:00,-49.08,9.68,47.6,0.0,102.82,312.99,0,66.6,63.05
2026-01-28 09:00:00,-49.63,8.04,63.4,5.0,43.62,321.24,0,65.9,79.92
2026-01-28 10:00:00,-49.81,6.89,47.6,0.0,28.59,377.01,0,65.7,104.14
2026-01-28 11:00:00,-51.22,0.0,22.8,5.08,1.44,395.53,0,66.1,117.06
2026-01-28 12:00:00,-52.85,2.96,72.0,3.22,0.17,404.23,0,65.0,121.1
2026-01-28 13:00:00,-53.57,5.77,37.0,0.0,18.19,442.71,0,66.1,127.43
2026-01-28 14:00:00,-53.27,2.86,48.0,0.0,0.0,475.43,0,66.2,143.07
2026-01-28 15:00:00,-54.91,0.0,71.5,0.0,5.46,442.79,0,65.6,130.5
2026-01-28 16:00:00,-55.73,3.4,70.5,8.03,0.0,465.15,0,65.3,137.12
2026-01-28 17:00:00,-54.39,9.41,76.8,0.0,110.6,446.04,0,66.5,100.04
2026-01-28 18:00:00,-55.21,9.04,67.5,0.0,91.91,432.39,0,67.3,102.43
2026-01-28 19:00:00,-51.59,6.29,68.6,0.0,16.32,408.27,0,67.5,118.97
2026-01-28 20:00:00,-59.6,10.62,41.8,0.62,178.98,390.53,0,66.9,63.22
2026-01-28 21:00:00,-51.64,7.97,22.8,0.0,53.07,347.21,0,67.5,86.87
2026-01-28 22:00:00,-50.71,5.18,11.1,0.0,7.44,317.72,0,67.5,93.28
2026-01-28 23:00:00,-56.63,8.59,66.6,7.42,60.44,297.05,0,69.3,69.46
2026-01-29 00:00:00,-52.23,16.9,58.0,0.0,300.0,282.86,0,69.2,0.0
2026-01-29 01:00:00,-51.51,11.94,19.4,0.0,284.15,252.49,0,70.9,1.24
2026-01-29 02:00:00,-52.86,12.26,48.0,0.0,292.98,279.44,0,71.1,0.0
2026-01-29 03:00:00,-50.98,11.99,22.7,0.0,300.0,235.32,0,70.1,0.0
2026-01-29 04:00:00,-51.16,18.16,78.3,13.86,300.0,227.08,0,73.4,0.0
2026-01-29 05:00:00,-45.14,16.58,3.3,0.0,300.0,255.62,0,71.9,0.27
2026-01-29 06:00:00,-46.67,17.36,38.8,3.22,300.0,248.14,0,69.9,1.82
2026-01-29 07:00:00,-46.1,9.04,90.3,12.14,81.59,260.1,0,67.9,50.28
2026-01-29 08:00:00,-47.5,9.12,31.9,5.4,90.14,312.43,0,70.6,64.33
2026-01-29 09:00:00,-51.68,2.39,88.3,0.23,0.0,365.03,0,72.7,109.95
2026-01-29 10:00:00,-51.09,10.14,15.6,0.0,142.44,380.21,0,72.9,72.13
2026-01-29 11:00:00,-49.79,1.13,36.1,6.52,0.0,380.79,0,73.3,113.44
2026-01-29 12:00:00,-53.99,4.44,38.2,4.69,1.34,424.61,0,73.5,124.34
2026-01-29 13:00:00,-50.89,0.0,65.8,0.0,18.85,424.96,0,71.8,123.39
2026-01-29 14:00:00,-53.52,1.24,46.7,0.0,6.08,472.07,0,73.2,140.01
2026-01-29 15:00:00,-54.41,0.6,18.0,0.0,0.0,446.67,0,74.6,135.75
2026-01-29 16:00:00,-52.72,1.73,86.6,0.0,0.0,446.24,0,73.3,134.03
2026-01-29 17:00:00,-53.55,2.68,48.9,0.0,0.0,439.79,0,73.7,132.51
2026-01-29 18:00:00,-55.26,3.65,55.1,0.53,0.0,409.09,0,73.6,121.62
2026-01-29 19:00:00,-52.12,8.98,37.7,2.9,85.74,393.47,0,73.4,92.43
2026-01-29 20:00:00,-56.3,4.45,44.2,0.0,3.08,382.13,0,72.7,112.64
2026-01-29 21:00:00,-52.43,9.73,6.4,6.87,115.1,367.94,0,72.6,74.06
2026-01-29 22:00:00,-51.86,13.95,65.3,5.15,298.22,322.63,0,72.1,5.35
2026-01-29 23:00:00,-52.94,9.83,72.3,0.0,132.88,293.15,0,73.1,47.99
2026-01-30 00:00:00,-50.72,10.05,41.7,0.0,149.79,269.27,0,73.1,36.93
2026-01-30 01:00:00,-53.1,12.07,28.3,1.91,300.0,261.69,0,72.4,0.0
2026-01-30 02:00:00,-48.03,16.53,35.4,0.0,300.0,236.91,0,72.4,1.11
2026-01-30 03:00:00,-49.62,13.47,20.0,0.0,299.7,252.77,0,72.2,0.0
2026-01-30 04:00:00,-49.82,10.85,25.6,0.0,190.95,257.55,0,72.0,20.11
2026-01-30 05:00:00,-46.38,13.15,53.4,3.33,293.64,227.68,0,72.7,2.15
2026-01-30 06:00:00,-49.78,7.39,33.9,6.57,24.23,284.65,0,72.4,76.28
2026-01-30 07:00:00,-51.29,11.56,83.3,4.8,270.11,305.14,0,71.9,8.99
2026-01-30 08:00:00,-51.89,9.46,35.7,1.67,99.19,319.0,0,70.5,65.58
2026-01-30 09:00:00,-48.04,6.01,36.5,7.29,18.84,312.01,0,70.5,85.43
2026-01-30 10:00:00,-52.44,3.19,26.9,2.12,0.0,376.39,0,71.8,111.28
2026-01-30 11:00:00,-47.09,1.98,85.3,0.0,6.14,375.96,0,71.6,113.01
2026-01-30 12:00:00,-55.54,5.4,36.6,7.39,13.47,435.65,0,71.1,124.03
2026-01-30 13:00:00,-48.76,6.92,38.3,3.6,34.0,432.58,0,70.4,116.97
2026-01-30 14:00:00,-52.45,1.09,7.0,6.51,0.0,463.73,0,68.6,137.01
2026-01-30 15:00:00,-53.69,4.49,22.3,0.0,2.68,435.15,0,69.8,130.1
2026-01-30 16:00:00,-55.06,0.0,18.4,0.0,0.0,483.85,0,70.3,144.95
2026-01-30 17:00:00,-53.47,2.55,60.2,0.0,0.0,450.44,0,71.1,135.08
2026-01-30 18:00:00,-54.45,5.21,64.9,0.91,4.79,434.77,0,71.3,128.56
2026-01-30 19:00:00,-52.07,3.75,37.4,9.12,6.68,424.96,0,70.5,123.17
2026-01-30 20:00:00,-53.74,4.95,50.8,0.0,0.0,381.87,0,70.2,115.38
2026-01-30 21:00:00,-53.2,7.06,20.2,4.53,30.17,365.1,0,69.7,98.93
2026-01-30 22:00:00,-53.6,11.17,87.5,0.0,217.16,327.46,0,69.3,35.68
2026-01-30 23:00:00,-52.26,10.8,75.8,10.59,186.94,309.39,0,68.9,34.6
2026-01-31 00:00:00,-50.59,5.49,71.7,0.0,3.76,268.48,0,70.0,79.41
2026-01-31 01:00:00,-53.85,6.4,74.1,3.7,14.06,260.83,0,72.0,71.6
2026-01-31 02:00:00,-52.4,11.17,21.9,4.4,229.76,207.93,0,71.1,0.11
2026-01-31 03:00:00,-47.6,14.26,56.5,3.1,289.99,206.59,0,71.0,0.81
2026-01-31 04:00:00,-48.26,4.2,70.6,0.0,17.98,235.76,0,71.2,66.16
2026-01-31 05:00:00,-48.67,10.2,55.1,0.0,139.26,236.88,0,70.2,27.43
2026-01-31 06:00:00,-48.17,9.12,7.2,6.36,96.15,243.06,0,70.3,42.28
2026-01-31 07:00:00,-47.61,13.69,31.0,5.24,297.72,270.44,0,70.6,0.0
2026-01-31 08:00:00,-49.69,7.08,29.8,5.17,22.76,276.63,0,70.5,76.11
2026-01-31 09:00:00,-50.64,8.08,25.4,5.78,52.55,333.72,0,71.2,82.74
2026-01-31 10:00:00,-49.31,6.13,33.5,0.0,18.0,349.38,0,71.2,97.13
2026-01-31 11:00:00,-52.38,0.0,50.7,0.0,6.62,378.42,0,68.3,111.91
2026-01-31 12:00:00,-50.39,6.1,60.7,0.0,10.52,389.2,0,67.3,111.65
2026-01-31 13:00:00,-55.39,3.88,82.4,0.0,2.93,426.24,0,68.8,127.44
2026-01-31 14:00:00,-50.65,4.53,22.4,0.0,0.0,414.43,0,69.3,126.92
2026-01-31 15:00:00,-52.38,14.89,63.4,1.39,298.53,422.28,0,66.4,38.07
2026-01-31 16:00:00,-53.29,0.0,41.9,5.58,3.15,453.3,0,64.9,133.63
2026-01-31 17:00:00,-52.14,9.48,13.2,0.0,93.71,389.22,0,65.6,87.99
2026-01-31 18:00:00,-50.87,4.44,68.5,0.0,1.88,369.83,0,65.1,111.66
2026-01-31 19:00:00,-52.07,7.34,70.5,4.06,32.29,387.93,0,62.4,106.11
2026-01-31 20:00:00,-57.48,7.63,76.8,0.0,51.0,350.03,0,63.4,89.44
2026-01-31 21:00:00,-55.89,7.79,44.1,0.54,46.56,307.62,0,64.1,77.62
2026-01-31 22:00:00,-53.95,8.58,43.5,0.0,75.34,321.18,0,63.3,72.85
2026-01-31 23:00:00,-51.93,12.35,66.7,1.7,297.83,294.69,0,64.6,0.37
2026-02-01 00:00:00,-50.0,7.66,53.6,0.0,46.7,229.67,0,63.8,54.47
2026-02-01 01:00:00,-51.71,15.01,54.8,3.63,300.0,211.6,0,63.1,0.17
2026-02-01 02:00:00,-49.16,11.75,36.6,0.0,265.24,202.61,0,62.7,0.93
2026-02-01 03:00:00,-50.42,9.5,69.4,0.0,115.5,210.76,0,60.8,28.14
2026-02-01 04:00:00,-49.66,11.09,38.0,2.65,227.35,251.1,0,61.2,6.98
2026-02-01 05:00:00,-50.95,15.47,78.0,0.0,300.0,229.8,0,61.7,1.22
2026-02-01 06:00:00,-49.88,9.1,29.7,0.0,93.63,261.41,0,61.2,50.73
2026-02-01 07:00:00,-50.84,10.6,55.4,0.0,183.22,283.35,0,61.9,30.74
2026-02-01 08:00:00,-50.38,6.04,32.4,0.0,18.88,315.09,0,60.4,89.27
2026-02-01 09:00:00,-46.8,9.21,70.7,2.67,89.44,301.01,0,61.0,62.69
2026-02-01 10:00:00,-51.43,7.76,86.2,5.83,48.18,350.02,0,61.4,89.64
2026-02-01 11:00:00,-44.99,10.18,52.1,0.0,136.56,351.68,0,60.7,66.15
2026-02-01 12:00:00,-50.04,3.27,59.3,0.0,6.91,398.9,0,61.1,118.45
2026-02-01 13:00:00,-51.44,5.24,86.7,0.0,1.55,429.16,0,60.2,128.09
2026-02-01 14:00:00,-54.25,3.3,67.6,0.0,0.0,462.02,0,61.3,138.44
2026-02-01 15:00:00,-51.75,7.0,33.2,3.63,21.89,419.39,0,61.8,118.03
2026-02-01 16:00:00,-54.78,1.4,46.3,0.0,0.0,433.05,0,62.2,130.86
2026-02-01 17:00:00,-53.69,6.54,83.8,0.0,20.3,430.67,0,61.7,122.58
2026-02-01 18:00:00,-48.91,4.71,42.0,1.42,8.09,396.62,0,62.5,115.11
2026-02-01 19:00:00,-54.12,6.29,62.9,0.45,25.05,408.09,0,63.7,115.25
2026-02-01 20:00:00,-51.33,8.04,47.0,1.62,53.07,348.25,0,65.3,88.09
2026-02-01 21:00:00,-54.56,9.82,51.6,0.03,117.25,327.72,0,64.8,64.61
2026-02-01 22:00:00,-52.6,9.94,88.3,0.0,148.0,322.56,0,65.6,50.11
2026-02-01 23:00:00,-48.27,12.01,31.3,0.0,288.22,269.36,0,67.0,0.21
2026-02-02 00:00:00,-52.11,16.94,53.1,0.0,296.62,283.72,0,66.8,0.0
2026-02-02 01:00:00,-46.45,15.72,45.5,0.0,296.08,241.66,0,68.2,0.81
2026-02-02 02:00:00,-47.94,15.6,86.3,0.0,300.0,251.13,0,68.3,0.0
2026-02-02 03:00:00,-49.86,11.52,44.0,0.0,244.41,226.6,0,67.3,0.0
2026-02-02 04:00:00,-46.99,9.78,84.8,0.0,117.76,227.5,0,66.6,33.86
2026-02-02 05:00:00,-46.01,14.56,80.5,0.0,299.83,201.7,0,65.1,1.28
2026-02-02 06:00:00,-46.61,13.33,22.7,0.0,293.62,249.71,0,65.1,0.0
2026-02-02 07:00:00,-51.1,13.94,41.1,3.34,300.0,307.27,0,64.9,1.1
2026-02-02 08:00:00,-49.71,6.42,39.4,3.96,12.05,313.94,0,65.1,90.65
2026-02-02 09:00:00,-49.23,6.25,52.2,7.56,5.9,323.83,0,66.5,94.27
2026-02-02 10:00:00,-49.5,0.79,33.3,0.0,13.37,385.82,0,66.5,112.77
2026-02-02 11:00:00,-48.84,3.46,20.8,0.0,3.8,388.6,0,66.2,115.04
2026-02-02 12:00:00,-50.5,6.78,85.0,6.14,43.96,437.62,0,66.0,115.6
2026-02-02 13:00:00,-54.3,1.84,47.1,0.0,0.0,452.35,0,64.2,137.34
2026-02-02 14:00:00,-51.59,4.93,82.4,0.0,4.62,444.19,0,64.8,132.48
2026-02-02 15:00:00,-51.75,2.54,22.4,0.0,3.88,472.78,0,64.7,139.93
2026-02-02 16:00:00,-52.33,4.53,81.2,10.22,1.7,437.96,0,64.8,127.71
2026-02-02 17:00:00,-51.59,0.86,56.2,0.0,0.0,414.95,0,64.6,124.57
2026-02-02 18:00:00,-52.19,5.55,36.7,5.42,16.79,441.27,0,64.7,125.61
2026-02-02 19:00:00,-52.83,0.0,67.1,0.0,3.73,407.56,0,63.4,120.86
2026-02-02 20:00:00,-53.59,7.2,36.2,0.0,16.97,397.56,0,63.4,115.41
2026-02-02 21:00:00,-56.3,4.17,84.0,14.0,0.0,372.12,0,62.8,107.96
2026-02-02 22:00:00,-51.5,13.91,62.9,0.97,290.69,343.27,0,62.8,17.74
2026-02-02 23:00:00,-51.22,13.7,38.8,1.88,299.03,285.99,0,61.8,1.29
2026-02-03 00:00:00,-50.13,13.61,45.9,2.67,300.0,266.85,0,62.3,0.14
2026-02-03 01:00:00,-52.45,17.33,58.8,2.28,296.97,257.76,0,62.3,1.42
2026-02-03 02:00:00,-51.34,10.15,45.3,0.0,0.0,244.64,1,61.0,73.74
2026-02-03 03:00:00,-46.45,18.13,86.3,8.93,292.17,205.84,0,62.0,2.42
2026-02-03 04:00:00,-48.16,15.24,78.8,0.0,300.0,240.34,0,61.4,0.0
2026-02-03 05:00:00,-46.41,10.99,88.1,10.09,219.77,254.49,0,61.1,7.84
2026-02-03 06:00:00,-47.62,14.11,54.1,0.0,299.74,251.94,0,61.9,0.0
2026-02-03 07:00:00,-47.72,6.2,56.4,1.61,26.12,269.45,0,63.0,72.13
2026-02-03 08:00:00,-46.2,5.76,6.6,0.0,4.3,300.68,0,62.5,88.57
2026-02-03 09:00:00,-49.59,5.11,24.1,5.18,0.0,350.54,0,62.6,104.84
2026-02-03 10:00:00,-48.98,4.12,57.2,0.0,7.01,346.69,0,63.3,102.11
2026-02-03 11:00:00,-50.82,1.47,67.3,0.0,0.0,427.49,0,64.5,125.79
2026-02-03 12:00:00,-51.54,7.46,43.0,5.94,31.86,395.84,0,64.6,107.51
2026-02-03 13:00:00,-52.07,2.46,59.4,7.18,0.61,424.25,0,65.1,123.96
2026-02-03 14:00:00,-51.73,4.06,38.9,7.35,0.0,458.79,0,64.2,134.99
2026-02-03 15:00:00,-53.75,1.4,44.1,0.0,0.0,465.76,0,62.7,140.88
2026-02-03 16:00:00,-50.76,0.0,24.2,7.87,0.74,452.07,0,63.2,131.69
2026-02-03 17:00:00,-55.36,5.11,83.8,0.0,7.34,432.4,0,62.4,126.29
2026-02-03 18:00:00,-54.05,0.0,55.7,10.26,11.15,415.43,0,61.5,116.55
2026-02-03 19:00:00,-54.45,6.27,53.1,3.12,21.48,390.5,0,62.1,109.38
2026-02-03 20:00:00,-50.38,3.66,23.7,1.26,5.2,362.22,0,62.0,105.04
2026-02-03 21:00:00,-52.4,15.03,48.0,0.04,300.0,352.94,0,62.2,14.26
2026-02-03 22:00:00,-50.11,13.03,20.5,0.0,300.0,301.53,0,60.9,0.23
2026-02-03 23:00:00,-54.42,11.68,68.4,0.0,266.37,277.04,0,60.0,3.51
2026-02-04 00:00:00,-49.96,16.0,65.0,0.0,300.0,286.71,0,61.7,0.0
2026-02-04 01:00:00,-47.94,10.22,42.0,0.0,161.89,244.51,0,61.0,25.15
2026-02-04 02:00:00,-48.83,14.62,31.7,5.95,299.94,251.12,0,60.8,0.11
2026-02-04 03:00:00,-46.24,13.48,99.4,0.0,290.4,224.08,0,61.0,0.54
2026-02-04 04:00:00,-48.93,13.24,34.6,6.7,285.72,248.34,0,60.0,0.0
2026-02-04 05:00:00,-44.78,15.52,56.7,0.72,300.0,272.63,0,61.3,1.98
2026-02-04 06:00:00,-42.89,12.9,75.8,3.91,300.0,230.81,0,61.3,0.0
2026-02-04 07:00:00,-48.32,10.39,38.9,4.17,171.04,273.29,0,61.1,28.8
2026-02-04 08:00:00,-48.78,3.27,86.9,4.64,7.05,296.95,0,62.2,86.09
2026-02-04 09:00:00,-45.46,4.06,26.2,0.11,0.0,357.94,0,63.1,107.47
2026-02-04 10:00:00,-45.83,5.34,21.9,0.26,0.0,353.1,0,65.0,106.7
2026-02-04 11:00:00,-50.76,4.92,59.4,4.47,7.04,405.59,0,64.6,117.91
2026-02-04 12:00:00,-51.33,0.4,39.2,0.0,9.58,375.04,0,66.8,108.41
2026-02-04 13:00:00,-51.83,10.47,86.1,0.0,174.35,437.71,0,67.4,77.48
2026-02-04 14:00:00,-54.68,7.55,21.2,0.0,26.87,445.22,0,69.1,127.28
2026-02-04 15:00:00,-54.45,4.92,48.9,1.44,4.84,474.18,0,70.1,140.07
2026-02-04 16:00:00,-55.1,3.77,85.3,9.6,0.0,461.77,0,69.5,135.48
2026-02-04 17:00:00,-54.93,3.66,30.8,0.24,0.0,435.1,0,68.6,132.26
2026-02-04 18:00:00,-53.56,2.44,63.3,10.0,0.0,445.09,0,66.8,130.03
2026-02-04 19:00:00,-52.92,6.71,15.1,2.58,22.31,423.83,0,64.8,119.71
2026-02-04 20:00:00,-49.99,8.54,22.9,0.0,69.18,388.44,0,64.2,94.75
2026-02-04 21:00:00,-54.61,5.34,60.2,5.74,8.78,365.27,0,65.5,103.91
2026-02-04 22:00:00,-50.02,11.3,24.4,0.0,228.98,310.02,0,65.0,26.2
2026-02-04 23:00:00,-51.7,10.9,54.3,1.26,203.58,298.58,0,64.3,30.03
2026-02-05 00:00:00,-50.4,6.48,31.2,0.0,13.46,264.24,0,65.0,76.26
2026-02-05 01:00:00,-48.18,10.18,84.8,0.0,150.31,251.26,0,64.1,31.27
2026-02-05 02:00:00,-51.05,11.75,47.5,2.77,277.84,237.64,0,66.0,0.75
2026-02-05 03:00:00,-47.42,18.55,53.0,5.52,300.0,229.71,0,65.7,0.0
2026-02-05 04:00:00,-47.37,14.11,60.8,9.73,300.0,267.67,0,66.7,0.29
2026-02-05 05:00:00,-46.42,7.69,38.0,0.0,47.45,247.32,0,66.5,59.46
2026-02-05 06:00:00,-46.73,12.16,69.0,7.32,300.0,253.03,0,66.5,0.0
2026-02-05 07:00:00,-42.5,4.88,87.7,6.57,6.64,251.0,0,67.6,72.46
2026-02-05 08:00:00,-48.98,11.48,34.9,0.0,259.22,309.56,0,67.8,15.66
2026-02-05 09:00:00,-49.25,5.52,51.5,6.94,21.62,348.93,0,69.3,94.79
2026-02-05 10:00:00,-50.05,5.43,30.9,4.72,15.59,368.08,0,68.5,103.97
2026-02-05 11:00:00,-50.64,8.61,5.8,5.71,72.22,391.11,0,67.2,95.01
2026-02-05 12:00:00,-51.58,0.0,38.3,10.84,9.16,421.83,0,65.5,120.68
2026-02-05 13:00:00,-48.7,0.0,79.5,5.5,4.39,428.62,0,66.8,123.92
2026-02-05 14:00:00,-48.96,1.25,54.6,0.0,0.0,444.05,0,67.7,132.0
2026-02-05 15:00:00,-53.57,6.23,14.8,1.61,18.37,461.69,0,67.4,134.37
2026-02-05 16:00:00,-54.57,0.0,69.3,0.0,0.0,448.97,0,67.7,134.76
2026-02-05 17:00:00,-52.26,0.0,80.3,0.76,4.51,431.3,0,68.8,128.87
2026-02-05 18:00:00,-54.41,3.95,35.6,0.47,14.37,423.95,0,68.6,124.57
2026-02-05 19:00:00,-51.94,8.13,12.6,0.0,62.14,404.22,0,66.8,102.17
2026-02-05 20:00:00,-52.5,11.36,38.1,0.0,250.02,390.2,0,65.1,42.41
2026-02-05 21:00:00,-55.46,7.68,72.1,0.0,39.16,351.33,0,64.0,91.68
2026-02-05 22:00:00,-48.71,9.06,32.6,0.0,95.43,307.79,0,64.1,63.1
2026-02-05 23:00:00,-47.49,14.83,49.8,0.0,300.0,328.63604269162533,1,63.1,9.17
2026-02-06 00:00:00,-51.34,6.6,68.2,0.53,16.76,250.88,0,64.2,69.88
2026-02-06 01:00:00,-50.12,11.6,49.2,2.93,267.22,235.19,0,62.9,0.45
2026-02-06 02:00:00,-48.04,13.57,50.9,0.0,300.0,222.47,0,62.2,0.93
2026-02-06 03:00:00,-47.33,14.23,71.2,6.4,300.0,222.0,0,60.4,0.56
2026-02-06 04:00:00,-46.2,10.91,23.5,0.0,195.43,238.91,0,59.9,13.37
2026-02-06 05:00:00,-43.2,11.8,6.0,4.62,290.65,216.93,0,59.9,0.19
2026-02-06 06:00:00,-47.47,3.24,40.1,0.0,3.61,261.96,0,61.0,76.94
2026-02-06 07:00:00,-48.82,7.55,44.6,13.72,37.82,299.03,0,61.1,73.32
2026-02-06 08:00:00,-50.28,9.6,62.0,2.34,117.56,302.51,0,61.9,56.14
2026-02-06 09:00:00,-49.46,3.99,61.2,8.18,0.09,331.0,0,62.9,97.61
2026-02-06 10:00:00,-48.68,5.88,36.7,0.0,3.2,342.12,0,63.3,100.89
2026-02-06 11:00:00,-45.75,5.98,22.3,0.0,20.4,362.96,0,62.4,102.83
2026-02-06 12:00:00,-51.15,2.76,65.9,0.0,7.7,434.71,0,62.8,126.71
2026-02-06 13:00:00,-50.45,3.75,13.0,12.36,8.42,435.53,0,64.3,123.95
2026-02-06 14:00:00,-51.65,0.12,36.0,0.0,12.11,473.79,0,63.9,139.04
2026-02-06 15:00:00,-49.86,2.49,18.0,0.0,1.52,428.52,0,64.5,128.36
2026-02-06 16:00:00,-47.66,5.39,29.4,6.5,0.0,452.2,0,65.0,133.83
2026-02-06 17:00:00,-54.08,4.77,17.9,0.29,7.31,427.91,0,64.7,125.21
2026-02-06 18:00:00,-54.1,3.54,20.0,0.0,4.8,415.49,0,65.6,122.12
2026-02-06 19:00:00,-50.93,7.15,23.6,0.0,41.84,433.62,0,65.2,118.48
2026-02-06 20:00:00,-51.35,9.91,70.8,2.44,144.43,357.41,0,65.7,64.86
2026-02-06 21:00:00,-48.54,2.91,41.5,5.31,1.07,359.42,0,65.4,106.46
2026-02-06 22:00:00,-50.45,13.77,33.4,3.94,298.85,314.99,0,65.5,3.49
2026-02-06 23:00:00,-51.61,10.36,35.6,0.0,172.1,278.68,0,66.4,33.2
2026-02-07 00:00:00,-48.74,13.48,70.8,0.0,278.76,224.05,0,64.5,0.0
2026-02-07 01:00:00,-46.93,16.35,24.4,0.0,300.0,225.77,0,65.1,1.05
2026-02-07 02:00:00,-46.78,8.88,64.7,0.0,91.23,196.89,0,65.8,31.1
2026-02-07 03:00:00,-46.79,10.76,72.3,0.0,191.33,205.94,0,65.2,3.84
2026-02-07 04:00:00,-45.19,11.58,79.3,0.0,256.87,180.41,0,65.2,0.0
2026-02-07 05:00:00,-44.69,9.35,21.4,0.0,107.73,222.78,0,64.2,34.41
2026-02-07 06:00:00,-44.16,15.91,18.7,14.0,300.0,208.63,0,63.4,0.91
2026-02-07 07:00:00,-45.73,6.95,46.2,2.46,28.97,256.29,0,63.7,66.15
2026-02-07 08:00:00,-47.66,6.57,65.8,0.0,13.31,266.34,0,66.3,75.3
2026-02-07 09:00:00,-47.51,7.55,29.4,3.28,48.5,330.92,0,67.0,83.95
2026-02-07 10:00:00,-46.01,2.1,10.1,1.96,11.29,302.26,0,66.1,87.26
2026-02-07 11:00:00,-50.78,3.45,50.1,0.0,0.0,368.1,0,66.9,108.73
2026-02-07 12:00:00,-49.19,4.75,26.7,1.44,24.59,396.67,0,67.5,110.4
2026-02-07 13:00:00,-51.49,2.24,68.6,2.65,0.0,416.46,0,65.7,122.39
2026-02-07 14:00:00,-51.37,2.73,81.5,5.12,7.59,402.0,0,65.4,116.09
2026-02-07 15:00:00,-49.49,1.53,29.9,0.0,5.82,392.37,0,65.3,115.53
2026-02-07 16:00:00,-52.14,0.0,34.3,3.24,0.0,434.73,0,65.4,129.95
2026-02-07 17:00:00,-52.73,5.27,42.0,7.05,1.2,412.94,0,65.4,119.12
2026-02-07 18:00:00,-55.64,10.56,66.0,9.44,178.35,391.55,0,65.5,61.78
2026-02-07 19:00:00,-51.33,6.53,39.1,0.0,3.14,386.26,0,64.6,114.43
2026-02-07 20:00:00,-51.23,8.44,84.2,0.0,72.82,341.13,0,64.3,80.15
2026-02-07 21:00:00,-47.72,11.14,26.7,0.0,206.79,303.3,0,64.0,29.92
2026-02-07 22:00:00,-52.04,6.48,59.7,3.38,17.46,287.24,0,65.2,81.26
2026-02-07 23:00:00,-50.26,16.47,81.5,0.0,294.63,259.39,0,64.5,0.0
2026-02-08 00:00:00,-49.23,12.81,54.1,0.0,300.0,235.05,0,64.2,0.0
2026-02-08 01:00:00,-45.8,17.66,33.1,1.09,282.37,225.72,0,63.9,0.0
2026-02-08 02:00:00,-48.42,10.8,8.6,0.0,181.99,241.93,0,65.4,17.32
2026-02-08 03:00:00,-47.05,18.34,75.3,2.81,295.23,190.2,0,66.1,0.0
2026-02-08 04:00:00,-45.92,14.77,51.6,0.0,300.0,206.05,0,65.2,0.0
2026-02-08 05:00:00,-46.46,13.36,40.1,0.0,300.0,220.32,0,65.6,0.0
2026-02-08 06:00:00,-47.62,11.4,96.8,6.58,252.31,249.12,0,64.6,0.1
2026-02-08 07:00:00,-46.44,8.77,69.0,11.36,79.92,274.14,0,64.8,56.57
2026-02-08 08:00:00,-44.98,11.84,54.1,9.11,284.14,567.4078572664617,1,66.2,82.14
2026-02-08 09:00:00,-49.66,7.36,50.7,0.0,25.54,309.42,0,64.2,84.41
2026-02-08 10:00:00,-47.96,0.0,61.8,5.28,0.0,348.43,0,63.2,102.67
2026-02-08 11:00:00,-50.35,1.28,36.4,0.0,0.0,346.45,0,63.4,104.06
2026-02-08 12:00:00,-47.34,3.24,20.0,2.54,0.0,350.57,0,63.0,104.24
2026-02-08 13:00:00,-53.55,4.17,73.9,0.0,0.0,456.11,0,63.2,136.27
2026-02-08 14:00:00,-52.35,2.84,52.3,6.28,3.71,411.52,0,63.1,118.8
2026-02-08 15:00:00,-51.1,6.77,28.0,5.62,23.49,417.09,0,61.4,117.03
2026-02-08 16:00:00,-49.2,0.0,56.2,10.38,0.0,422.35,0,62.1,122.7
2026-02-08 17:00:00,-52.76,4.73,15.7,0.0,0.0,420.09,0,60.7,127.49
2026-02-08 18:00:00,-53.84,0.0,76.0,7.9,0.0,415.51,0,60.9,121.91
2026-02-08 19:00:00,-48.86,8.76,79.3,2.53,61.24,380.64,0,60.5,94.54
2026-02-08 20:00:00,-55.22,7.48,59.4,0.0,0.0,339.91,1,62.9,101.5
2026-02-08 21:00:00,-56.25,10.32,26.5,1.68,173.32,357.79,0,62.7,54.99
2026-02-08 22:00:00,-50.35,7.7,25.6,8.49,43.02,302.83,0,63.1,74.53
2026-02-08 23:00:00,-51.51,15.2,70.2,0.0,300.0,280.2,0,63.7,0.0
2026-02-09 00:00:00,-51.57,15.33,71.8,0.0,290.59,280.34,0,64.0,0.62
2026-02-09 01:00:00,-47.34,14.51,92.0,0.0,300.0,211.93,0,64.0,0.0
2026-02-09 02:00:00,-47.54,12.61,53.7,0.0,294.37,232.88,0,63.0,0.55
2026-02-09 03:00:00,-48.54,14.62,41.8,1.32,294.06,221.12,0,62.9,0.83
2026-02-09 04:00:00,-49.49,10.32,46.8,0.0,167.37,225.22,0,61.0,18.02
2026-02-09 05:00:00,-44.89,14.27,40.2,0.0,299.04,230.75,0,61.5,0.23
2026-02-09 06:00:00,-45.23,15.65,22.8,0.0,288.92,267.36,0,64.4,0.0
2026-02-09 07:00:00,-46.83,12.73,58.7,0.0,300.0,284.8,0,64.6,0.0
2026-02-09 08:00:00,-43.24,6.05,55.7,7.11,5.95,300.4,0,64.9,84.85
2026-02-09 09:00:00,-49.55,8.02,63.0,0.0,40.51,331.96,0,63.4,87.06
2026-02-09 10:00:00,-51.08,1.83,38.8,3.95,0.0,374.77,0,62.6,111.28
2026-02-09 11:00:00,-50.14,6.35,37.3,4.4,31.84,387.43,0,63.4,104.17
2026-02-09 12:00:00,-49.62,5.14,73.6,12.26,13.73,423.81,0,62.0,119.17
2026-02-09 13:00:00,-49.82,0.0,40.4,5.19,0.0,436.5,0,61.3,130.08
2026-02-09 14:00:00,-51.51,0.0,35.4,4.77,0.0,443.52,0,61.8,130.63
2026-02-09 15:00:00,-50.95,2.27,63.5,1.84,0.0,430.83,0,62.7,127.88
2026-02-09 16:00:00,-54.63,2.65,52.3,0.0,0.0,454.58,0,62.5,137.55
2026-02-09 17:00:00,-49.54,0.67,83.0,4.26,0.0,765.9311159034232,1,62.7,227.57
2026-02-09 18:00:00,-52.7,6.47,71.2,6.24,23.17,420.6,0,62.8,117.7
2026-02-09 19:00:00,-50.19,7.23,40.9,0.85,38.69,383.43,0,61.6,104.41
2026-02-09 20:00:00,-51.44,7.18,22.5,6.46,38.45,360.38,0,61.5,93.46
2026-02-09 21:00:00,-50.74,6.8,45.8,14.42,25.22,347.06,0,61.7,91.12
2026-02-09 22:00:00,-49.89,13.44,66.5,0.35,300.0,300.92,0,61.6,0.0
2026-02-09 23:00:00,-49.41,16.33,44.3,0.5,297.24,284.45,0,59.7,0.07
2026-02-10 00:00:00,-48.05,10.76,61.9,0.0,179.69,272.24,0,61.2,27.12
2026-02-10 01:00:00,-45.9,10.93,64.2,0.67,192.39,247.72,0,60.1,18.37
2026-02-10 02:00:00,-47.44,14.47,56.4,6.12,293.19,218.37,0,60.2,0.54
2026-02-10 03:00:00,-45.79,11.81,49.4,0.44,279.79,380.2191017206977,1,60.5,29.19
2026-02-10 04:00:00,-46.91,12.03,51.7,0.95,289.73,264.62,0,60.1,0.0
2026-02-10 05:00:00,-43.55,13.92,32.8,0.0,290.96,244.18,0,60.3,0.0
2026-02-10 06:00:00,-47.68,4.97,49.7,2.45,0.12,258.21,0,59.6,77.13
2026-02-10 07:00:00,-42.83,13.48,19.7,0.0,300.0,288.1,0,61.7,1.84
2026-02-10 08:00:00,-46.81,8.45,82.0,0.0,0.0,337.54,1,61.4,101.34
2026-02-10 09:00:00,-50.07,5.7,37.0,2.24,1.19,353.16,0,62.3,104.68
2026-02-10 10:00:00,-47.57,5.44,78.4,9.9,6.35,332.62,0,61.2,93.93
2026-02-10 11:00:00,-49.92,4.52,24.2,0.0,0.0,399.01,0,62.0,120.07
2026-02-10 12:00:00,-47.65,0.0,30.6,0.0,0.0,423.89,0,61.3,128.18
2026-02-10 13:00:00,-51.41,7.72,50.8,9.58,30.02,399.87,0,59.9,106.29
2026-02-10 14:00:00,-51.72,3.13,45.0,0.23,3.43,455.81,0,58.8,135.72
2026-02-10 15:00:00,-55.23,4.44,87.3,4.72,0.0,452.64,0,57.9,133.36
2026-02-10 16:00:00,-52.83,6.41,31.4,0.0,15.06,464.81,0,58.1,133.57
2026-02-10 17:00:00,-57.08,1.24,25.7,0.05,6.45,446.78,0,60.9,133.78
2026-02-10 18:00:00,-55.5,6.72,44.0,7.0,13.21,432.36,0,63.7,124.53
2026-02-10 19:00:00,-50.71,5.68,65.4,0.65,11.66,397.53,0,63.3,114.96
2026-02-10 20:00:00,-50.36,10.3,45.1,0.72,175.97,377.67,0,64.3,60.13
2026-02-10 21:00:00,-50.6,2.68,16.5,0.0,0.0,348.51,0,63.1,104.24
2026-02-10 22:00:00,-52.76,10.0,29.5,3.94,128.65,308.91,0,60.9,51.77
2026-02-10 23:00:00,-50.2,9.56,79.7,0.0,106.11,286.65,0,61.0,53.62
2026-02-11 00:00:00,-49.13,13.5,57.2,5.6,300.0,266.58,0,61.5,0.78
2026-02-11 01:00:00,-50.67,14.17,46.0,1.01,300.0,273.86,0,62.3,0.0
2026-02-11 02:00:00,-44.62,10.87,43.2,1.46,214.24,234.53,0,63.4,6.11
2026-02-11 03:00:00,-45.25,10.75,53.9,3.86,198.32,215.89,0,63.1,3.55
2026-02-11 04:00:00,-46.97,12.11,28.3,1.88,300.0,220.52,0,63.1,0.0
2026-02-11 05:00:00,-46.18,9.01,52.0,8.59,93.05,251.76,0,64.0,46.23
2026-02-11 06:00:00,-45.71,13.23,11.5,7.8,300.0,249.3,0,65.1,0.0
2026-02-11 07:00:00,-50.31,8.41,28.7,0.0,67.59,302.23,0,64.2,72.18
2026-02-11 08:00:00,-47.02,0.0,84.3,0.0,0.0,304.34,0,64.4,92.3
2026-02-11 09:00:00,-48.37,5.81,26.1,4.18,22.84,357.01,0,65.1,99.18
2026-02-11 10:00:00,-49.63,2.59,1.8,0.0,10.68,353.72,0,65.2,102.47
2026-02-11 11:00:00,-48.91,0.0,8.7,0.0,0.0,408.31,0,64.6,122.13
2026-02-11 12:00:00,-45.53,0.08,15.1,0.0,5.19,412.05,0,64.6,122.26
2026-02-11 13:00:00,-48.62,3.57,54.9,0.0,11.77,415.86,0,65.2,121.41
2026-02-11 14:00:00,-51.77,6.99,70.9,0.0,29.49,428.73,0,64.4,118.81
2026-02-11 15:00:00,-50.1,4.05,40.1,0.0,0.0,469.22,0,63.2,140.83
2026-02-11 16:00:00,-48.93,1.74,59.4,0.0,11.44,419.84,0,65.3,122.78
2026-02-11 17:00:00,-50.18,5.67,23.2,5.73,9.88,431.74,0,65.4,124.54
2026-02-11 18:00:00,-52.01,3.92,73.4,4.66,0.0,421.92,0,66.4,127.42
2026-02-11 19:00:00,-53.32,4.4,64.0,1.39,0.0,400.11,0,66.6,119.48
2026-02-11 20:00:00,-50.33,4.3,45.6,0.5,0.0,378.59,0,67.6,111.66
2026-02-11 21:00:00,-50.46,3.81,19.8,2.72,16.0,327.42,0,67.7,91.6
2026-02-11 22:00:00,-48.84,9.12,40.0,0.0,87.63,339.63,0,68.3,76.3
2026-02-11 23:00:00,-48.63,11.84,22.3,6.26,291.99,273.52,0,67.2,0.0
2026-02-12 00:00:00,-46.82,11.92,71.4,0.47,284.71,257.59,0,65.4,0.0
2026-02-12 01:00:00,-49.21,11.52,45.6,4.59,255.85,229.45,0,65.0,1.4
2026-02-12 02:00:00,-44.79,10.16,69.7,4.38,154.65,243.47,0,63.5,25.5
2026-02-12 03:00:00,-46.4,14.71,12.4,2.67,290.09,257.52,0,61.4,0.0
2026-02-12 04:00:00,-42.17,8.49,72.5,1.56,75.75,250.04,0,61.7,49.05
2026-02-12 05:00:00,-47.4,14.03,59.7,1.19,298.41,262.62,0,59.9,0.62
2026-02-12 06:00:00,-42.45,7.69,60.9,0.0,46.87,241.07,0,60.9,58.28
2026-02-12 07:00:00,-45.63,7.26,27.7,2.41,43.45,276.92,0,62.3,70.62
2026-02-12 08:00:00,-47.63,3.84,48.9,1.03,6.16,302.16,0,60.9,87.4
2026-02-12 09:00:00,-47.77,5.43,50.2,0.0,5.15,315.11,0,61.2,92.61
2026-02-12 10:00:00,-48.06,8.63,65.4,3.05,88.99,355.63,0,63.0,79.38
2026-02-12 11:00:00,-47.3,6.18,26.0,1.4,12.88,395.53,0,62.6,115.63
2026-02-12 12:00:00,-47.88,6.73,25.1,6.05,22.1,391.35,0,63.2,109.22
2026-02-12 13:00:00,-50.84,4.8,21.0,0.0,1.09,394.91,0,65.6,117.44
2026-02-12 14:00:00,-50.47,0.0,18.2,0.18,0.0,419.21,0,63.9,127.01
2026-02-12 15:00:00,-46.76,2.12,19.1,0.0,0.0,442.55,0,62.9,132.45
2026-02-12 16:00:00,-48.06,1.22,49.6,0.0,0.0,405.0,0,63.4,121.68
2026-02-12 17:00:00,-50.95,8.29,52.6,2.8,52.81,422.37,0,65.6,110.78
2026-02-12 18:00:00,-51.84,1.71,21.7,0.0,0.0,410.48,0,64.9,124.71
2026-02-12 19:00:00,-51.58,9.16,51.4,0.67,102.8,398.61,0,67.3,88.91
2026-02-12 20:00:00,-50.29,10.44,57.3,0.15,166.21,370.27,0,67.5,63.76
2026-02-12 21:00:00,-53.09,14.55,73.6,0.0,300.0,355.27,0,65.5,16.49
2026-02-12 22:00:00,-50.94,9.06,10.3,0.79,87.54,314.71,0,67.1,68.21
2026-02-12 23:00:00,-53.03,13.5,53.6,0.0,300.0,284.92,0,66.6,0.0
2026-02-13 00:00:00,-47.91,19.05,58.0,10.99,300.0,276.54,0,67.1,0.32
2026-02-13 01:00:00,-46.64,10.91,54.2,6.01,201.69,216.86,0,65.4,3.05
2026-02-13 02:00:00,-48.18,8.39,30.2,0.34,66.62,249.67,0,64.7,55.86
2026-02-13 03:00:00,-43.44,7.25,20.3,0.0,20.87,237.48,0,63.2,65.43
2026-02-13 04:00:00,-48.57,14.58,16.9,2.52,298.28,274.17,0,61.6,0.0
2026-02-13 05:00:00,-48.74,6.05,68.1,3.84,6.87,238.3,0,61.7,68.53
2026-02-13 06:00:00,-45.26,9.58,17.6,1.27,123.18,246.67,0,62.2,35.99
2026-02-13 07:00:00,-43.72,10.83,17.9,0.0,190.11,271.96,0,61.7,25.1
2026-02-13 08:00:00,-42.75,8.79,49.9,0.0,93.14,292.05,0,60.2,59.11
2026-02-13 09:00:00,-47.51,8.21,9.0,0.39,57.67,345.05,0,59.0,84.7
2026-02-13 10:00:00,-45.05,6.37,74.7,1.45,8.79,358.87,0,59.3,103.46
2026-02-13 11:00:00,-48.01,8.47,35.3,1.57,67.61,378.75,0,59.5,91.7
2026-02-13 12:00:00,-49.06,0.94,77.1,3.65,5.89,406.42,0,59.8,118.54
2026-02-13 13:00:00,-47.72,1.21,34.2,6.71,4.16,433.76,0,61.4,126.02
2026-02-13 14:00:00,-48.91,0.69,45.2,5.06,1.25,414.33,0,62.0,122.38
2026-02-13 15:00:00,-53.99,5.61,57.9,2.95,14.34,448.46,0,62.4,128.96
2026-02-13 16:00:00,-48.36,6.26,81.1,0.0,20.79,439.99,0,64.8,126.28
2026-02-13 17:00:00,-48.85,5.66,34.5,5.93,14.32,407.15,0,64.5,116.45
2026-02-13 18:00:00,-52.96,8.85,27.8,4.09,80.18,366.48,0,66.9,84.34
2026-02-13 19:00:00,-50.82,2.95,22.5,0.0,0.0,414.16,0,68.3,125.49
2026-02-13 20:00:00,-50.32,12.77,52.4,0.15,298.34,366.53,0,68.0,19.49
2026-02-13 21:00:00,-50.31,13.63,68.1,0.33,296.05,322.07,0,68.8,8.71
2026-02-13 22:00:00,-51.31,12.5,66.0,0.0,300.0,331.85,0,68.6,9.71
2026-02-13 23:00:00,-50.83,16.71,74.6,0.0,299.96,289.37,0,67.1,0.0
2026-02-14 00:00:00,-48.55,7.24,74.5,0.0,44.61,229.42,0,67.1,56.57
2026-02-14 01:00:00,-45.38,11.19,32.6,0.0,222.03,225.08,0,65.7,1.47
2026-02-14 02:00:00,-45.91,10.79,2.8,0.0,186.65,211.91,0,65.9,6.5
2026-02-14 03:00:00,-47.12,15.05,36.4,0.0,300.0,202.16,0,66.7,0.36
2026-02-14 04:00:00,-44.36,9.29,70.6,5.71,102.98,194.94,0,66.5,26.24
2026-02-14 05:00:00,-51.3,13.97,24.0,2.43,294.51,221.91,0,66.7,1.01
2026-02-14 06:00:00,-43.2,14.81,67.7,0.0,300.0,239.92,0,66.9,0.59
2026-02-14 07:00:00,-49.08,11.61,47.3,0.0,260.43,248.51,0,67.8,0.66
2026-02-14 08:00:00,-46.63,9.09,48.7,6.15,105.14,272.05,0,67.9,47.79
2026-02-14 09:00:00,-48.62,3.97,68.4,6.02,0.0,317.38,0,67.5,93.2
2026-02-14 10:00:00,-49.59,3.17,35.3,0.35,0.0,366.54,0,68.3,109.6
2026-02-14 11:00:00,-45.4,8.38,78.4,5.87,65.1,358.19,0,68.5,84.57
2026-02-14 12:00:00,-49.44,6.13,56.1,0.0,23.48,397.85,0,66.4,113.6
2026-02-14 13:00:00,-48.58,3.12,87.9,1.14,0.0,403.88,0,66.0,119.7
2026-02-14 14:00:00,-50.09,1.75,49.7,0.0,3.01,430.46,0,65.5,128.5
2026-02-14 15:00:00,-49.67,0.0,35.4,0.0,0.0,328.0738781234195,1,65.7,98.09
2026-02-14 16:00:00,-50.94,0.34,74.8,0.14,7.33,412.85,0,65.7,121.38
2026-02-14 17:00:00,-53.96,10.04,51.6,0.0,138.37,418.69,0,63.7,84.77
2026-02-14 18:00:00,-49.51,1.46,15.5,2.97,4.95,391.84,0,62.2,114.4
2026-02-14 19:00:00,-52.39,7.05,87.6,3.8,32.7,385.12,0,61.3,105.04
2026-02-14 20:00:00,-54.21,10.79,54.2,5.06,180.01,360.5,0,61.4,53.1
2026-02-14 21:00:00,-51.48,5.3,82.0,11.67,6.68,316.28,0,62.4,88.6
2026-02-14 22:00:00,-47.0,10.85,54.2,2.08,195.02,285.01,0,60.8,27.28
2026-02-14 23:00:00,-47.58,14.18,26.3,0.0,300.0,299.22,0,60.2,1.37
2026-02-15 00:00:00,-48.98,12.24,58.5,0.0,293.01,250.94,0,60.1,2.02
2026-02-15 01:00:00,-48.21,21.37,65.0,1.96,295.35,199.37,0,59.2,0.0
2026-02-15 02:00:00,-47.43,7.99,29.9,2.8,60.72,209.77,0,59.3,44.07
2026-02-15 03:00:00,-42.01,16.06,38.6,0.0,300.0,196.23,0,59.9,0.25
2026-02-15 04:00:00,-44.92,11.92,47.9,0.0,284.12,206.06,0,59.1,0.67
2026-02-15 05:00:00,-44.53,14.01,82.6,0.06,300.0,215.96,0,59.5,1.75
2026-02-15 06:00:00,-43.23,12.03,10.3,2.65,279.34,233.27,0,59.4,0.49
2026-02-15 07:00:00,-44.91,7.32,46.8,4.28,34.89,262.36,0,58.2,67.47
2026-02-15 08:00:00,-46.21,8.92,71.6,0.0,75.1,286.63,0,58.1,62.36
2026-02-15 09:00:00,-46.56,1.36,17.8,1.01,2.97,323.94,0,58.5,98.04
2026-02-15 10:00:00,-46.93,7.52,99.2,2.87,35.91,314.24,0,59.9,82.16
2026-02-15 11:00:00,-47.58,5.53,73.8,0.0,0.0,358.95,0,61.6,105.03
2026-02-15 12:00:00,-46.83,5.71,19.4,0.0,2.29,387.71,0,61.0,113.35
2026-02-15 13:00:00,-48.96,6.41,47.7,3.56,10.02,407.32,0,60.4,118.45
2026-02-15 14:00:00,-48.32,4.11,29.8,0.0,1.17,401.77,0,60.4,118.91
2026-02-15 15:00:00,-50.57,3.56,32.6,0.0,7.87,413.73,0,59.9,121.81
2026-02-15 16:00:00,-50.73,0.91,50.5,0.0,0.0,406.16,1,61.1,120.35
2026-02-15 17:00:00,-55.18,2.16,7.1,0.0,0.0,436.79,0,61.2,131.34
2026-02-15 18:00:00,-49.45,8.86,8.5,0.0,85.2,361.28,0,61.3,83.39
2026-02-15 19:00:00,-50.49,10.79,51.5,1.61,204.03,352.25,0,61.9,44.16
2026-02-15 20:00:00,-48.89,7.05,42.3,2.28,23.75,348.83,0,62.1,96.14
2026-02-15 21:00:00,-56.2,9.2,52.2,0.85,91.81,346.75,0,62.4,77.11
2026-02-15 22:00:00,-45.61,7.58,51.7,0.0,55.12,257.18,0,62.6,60.22
2026-02-15 23:00:00,-49.34,14.88,27.9,0.0,298.56,277.42,0,62.5,0.0
2026-02-16 00:00:00,-45.85,14.2,60.4,1.48,300.0,259.55,0,61.6,0.0
2026-02-16 01:00:00,-49.37,18.59,56.2,0.0,287.17,259.24,0,63.3,0.0
2026-02-16 02:00:00,-45.34,10.36,94.2,2.56,159.88,230.51,0,62.4,22.29
2026-02-16 03:00:00,-48.06,11.75,36.8,5.11,290.79,240.56,0,64.1,0.0
2026-02-16 04:00:00,-46.72,13.14,26.6,2.53,300.0,240.47,0,64.4,0.0
2026-02-16 05:00:00,-41.34,13.64,66.5,0.0,299.77,234.5,0,63.8,0.0
2026-02-16 06:00:00,-45.45,10.05,50.6,0.0,155.35,259.3,0,64.4,30.91
2026-02-16 07:00:00,-44.74,6.9,29.0,8.16,11.25,272.94,0,65.2,75.26
2026-02-16 08:00:00,-43.73,10.88,53.2,0.0,198.04,294.11,0,66.9,29.77
2026-02-16 09:00:00,-44.96,9.1,62.1,0.0,111.61,328.33,0,65.6,63.6
2026-02-16 10:00:00,-46.27,2.96,50.4,2.55,0.0,367.07,0,65.4,109.24
2026-02-16 11:00:00,-46.56,8.7,59.8,6.19,75.76,409.15,0,66.8,99.17
2026-02-16 12:00:00,-43.26,7.3,31.8,0.0,42.15,398.42,0,67.6,106.25
2026-02-16 13:00:00,-48.96,3.64,68.6,0.0,10.1,429.14,0,68.0,126.15
2026-02-16 14:00:00,-49.17,3.24,59.5,0.0,0.0,452.33,0,69.5,135.66
2026-02-16 15:00:00,-48.09,4.78,20.5,0.0,5.74,440.22,0,69.3,130.31
2026-02-16 16:00:00,-48.46,0.97,62.5,2.84,14.05,416.07,0,66.9,120.27
2026-02-16 17:00:00,-48.59,4.39,35.1,0.0,0.0,328.33758257149043,1,66.6,96.64
2026-02-16 18:00:00,-49.79,0.0,97.7,8.8,0.0,437.51,0,68.6,129.82
2026-02-16 19:00:00,-53.25,9.11,37.8,0.58,94.1,389.05,0,68.9,86.41
2026-02-16 20:00:00,-47.4,3.08,24.0,0.0,5.55,366.63,0,68.0,109.46
2026-02-16 21:00:00,-52.48,13.58,33.1,0.0,288.58,332.61,0,69.4,13.64
2026-02-16 22:00:00,-48.96,9.3,49.1,0.0,78.0,330.26,0,70.2,76.15
2026-02-16 23:00:00,-50.36,10.73,39.2,0.0,191.8,284.18,0,70.4,29.33
2026-02-17 00:00:00,-47.98,10.32,61.5,1.79,170.74,264.47,0,71.0,28.77
2026-02-17 01:00:00,-46.42,11.9,19.8,0.0,287.62,239.23,0,69.9,0.81
2026-02-17 02:00:00,-45.71,17.25,25.7,1.16,295.12,238.11,0,69.6,0.0
2026-02-17 03:00:00,-44.89,5.42,49.3,0.0,4.5,227.24,0,69.5,66.46
2026-02-17 04:00:00,-42.03,16.27,16.6,0.0,300.0,233.15,0,70.6,0.84
2026-02-17 05:00:00,-44.05,12.71,70.8,0.0,294.68,245.38,0,70.1,0.45
2026-02-17 06:00:00,-45.34,7.08,28.3,1.1,32.51,259.54,0,70.0,68.08
2026-02-17 07:00:00,-43.03,6.29,43.8,0.0,5.43,278.86,0,71.5,81.97
2026-02-17 08:00:00,-42.87,13.27,17.9,1.02,291.15,303.23,0,74.0,2.91
2026-02-17 09:00:00,-48.19,4.1,14.3,3.88,7.31,328.61,0,73.1,93.84
2026-02-17 10:00:00,-45.16,2.25,79.3,3.86,13.07,344.26,0,73.3,98.84
2026-02-17 11:00:00,-45.67,8.05,37.9,4.29,60.11,400.29,0,71.8,100.59
2026-02-17 12:00:00,-48.45,4.81,25.7,5.03,0.0,416.65,0,71.7,123.24
2026-02-17 13:00:00,-45.88,0.42,69.7,2.49,0.0,420.31,0,71.5,123.53
2026-02-17 14:00:00,-49.65,3.66,93.3,1.78,2.03,423.52,0,72.7,126.01
2026-02-17 15:00:00,-49.72,0.04,44.2,9.71,0.48,412.34,0,71.5,119.28
2026-02-17 16:00:00,-50.8,6.86,66.9,3.92,8.31,434.6,0,70.2,126.28
2026-02-17 17:00:00,-50.72,7.49,73.8,0.0,26.87,421.97,0,71.7,119.32
2026-02-17 18:00:00,-53.04,6.89,59.3,0.0,17.81,415.18,0,71.1,119.27
2026-02-17 19:00:00,-53.63,7.56,39.5,0.0,38.48,413.68,0,71.3,112.45
2026-02-17 20:00:00,-47.26,13.05,86.6,3.12,284.53,380.57,0,71.6,27.15
2026-02-17 21:00:00,-51.67,9.06,25.6,4.79,96.38,361.65,0,70.8,77.6
2026-02-17 22:00:00,-51.33,6.75,81.0,0.0,20.96,309.02,0,70.0,88.0
2026-02-17 23:00:00,-52.93,12.71,39.7,3.65,291.65,306.86,0,71.2,4.25
2026-02-18 00:00:00,-48.91,18.47,37.1,5.67,300.0,258.71,0,71.8,0.0
2026-02-18 01:00:00,-49.5,9.72,15.7,3.04,113.36,224.28,0,71.8,32.26
2026-02-18 02:00:00,-42.85,11.91,41.6,2.08,290.67,220.81,0,71.7,0.25
2026-02-18 03:00:00,-43.49,14.13,30.1,0.0,285.59,239.38,0,72.0,0.44
2026-02-18 04:00:00,-46.41,12.28,74.3,0.0,286.76,227.62,0,72.4,0.0
2026-02-18 05:00:00,-40.23,8.75,65.1,3.93,74.6,236.59,0,73.6,45.65
2026-02-18 06:00:00,-42.67,14.07,58.5,2.92,294.27,237.32,0,73.6,0.0
2026-02-18 07:00:00,-45.38,16.48,34.7,0.0,300.0,286.47,0,74.1,0.0
2026-02-18 08:00:00,-50.03,8.82,73.9,12.71,80.98,310.55,0,74.8,67.12
2026-02-18 09:00:00,-40.93,4.22,23.8,0.0,17.55,335.64,0,75.5,98.12
2026-02-18 10:00:00,-48.91,1.06,32.4,0.0,0.0,357.91,0,77.0,108.02
2026-02-18 11:00:00,-50.14,5.41,34.9,0.0,0.0,382.28,0,77.0,114.01
2026-02-18 12:00:00,-45.58,7.1,62.6,1.92,12.09,419.52,0,76.4,122.33
2026-02-18 13:00:00,-43.53,4.66,29.7,0.0,0.0,398.54,0,76.0,117.86
2026-02-18 14:00:00,-46.36,3.0,61.9,6.35,27.08,428.87,0,76.7,118.1
2026-02-18 15:00:00,-48.62,1.35,5.6,5.03,0.0,427.32,0,76.6,125.06
2026-02-18 16:00:00,-49.04,0.28,89.0,1.34,8.87,447.57,0,78.9,131.76
2026-02-18 17:00:00,-48.82,6.81,37.4,0.0,30.82,442.52,0,78.9,122.3
2026-02-18 18:00:00,-49.11,8.04,71.0,3.58,42.55,397.92,0,77.9,105.25
2026-02-18 19:00:00,-49.97,1.84,5.0,1.64,0.0,398.11,0,78.2,118.9
2026-02-18 20:00:00,-50.02,12.53,11.1,4.76,300.0,742.7032756254058,1,79.8,131.35
2026-02-18 21:00:00,-49.88,10.79,85.5,0.0,176.78,341.53,0,79.0,48.95
2026-02-18 22:00:00,-50.64,14.49,20.1,0.0,300.0,338.92,0,78.1,12.01
2026-02-18 23:00:00,-48.97,7.34,61.3,5.39,32.7,309.68,0,77.9,80.22
2026-02-19 00:00:00,-50.79,8.11,73.7,3.17,59.84,258.87,0,77.3,60.5
2026-02-19 01:00:00,-46.83,12.32,25.0,0.0,300.0,262.02,0,75.9,0.0
2026-02-19 02:00:00,-47.88,14.5,80.8,1.84,300.0,244.65,0,74.4,0.04
2026-02-19 03:00:00,-47.49,18.27,57.4,0.92,300.0,236.13,0,74.6,0.62
2026-02-19 04:00:00,-44.45,14.56,70.3,2.34,300.0,223.27,0,75.3,0.68
2026-02-19 05:00:00,-41.72,10.97,36.9,6.35,208.71,206.32,0,74.6,0.78
2026-02-19 06:00:00,-42.57,7.62,23.5,0.0,29.57,251.24,0,74.6,64.91
2026-02-19 07:00:00,-47.65,13.21,63.3,0.0,296.85,287.57,0,74.7,0.0
2026-02-19 08:00:00,-46.79,5.34,74.0,1.37,22.63,334.41,0,73.6,93.26
2026-02-19 09:00:00,-43.4,11.82,55.3,0.0,284.87,310.09,0,74.5,8.05
2026-02-19 10:00:00,-47.87,4.85,86.9,0.0,11.75,335.38,0,74.7,98.35
2026-02-19 11:00:00,-47.08,9.41,70.9,4.97,100.52,363.55,0,75.2,76.9
2026-02-19 12:00:00,-46.31,5.83,84.7,0.0,1.32,423.51,0,75.9,125.75
2026-02-19 13:00:00,-50.12,2.83,91.1,0.0,0.0,420.25,0,78.3,125.53
2026-02-19 14:00:00,-48.7,1.45,77.1,4.24,0.0,453.15,0,77.3,136.93
2026-02-19 15:00:00,-52.2,2.09,62.6,0.0,0.0,446.69,0,76.4,135.51
2026-02-19 16:00:00,-51.21,4.84,20.5,2.89,4.43,425.6,0,78.1,125.31
2026-02-19 17:00:00,-49.66,4.53,94.0,5.42,0.0,455.6,0,78.8,136.34
2026-02-19 18:00:00,-53.59,3.52,29.6,0.0,0.0,441.25,1,78.8,131.8
2026-02-19 19:00:00,-49.42,5.98,43.1,0.0,8.41,385.57,0,78.4,114.1
2026-02-19 20:00:00,-50.04,8.0,29.8,0.0,32.21,380.95,0,78.1,103.24
2026-02-19 21:00:00,-48.42,2.68,45.8,0.0,3.55,337.11,0,77.9,100.42
2026-02-19 22:00:00,-48.46,11.67,24.8,0.0,251.95,316.06,0,76.4,20.25
2026-02-19 23:00:00,-45.45,8.43,59.0,6.0,67.6,302.78,0,77.4,68.43
2026-02-20 00:00:00,-46.93,8.75,43.5,1.46,72.06,237.28,0,75.4,49.74
2026-02-20 01:00:00,-47.26,7.7,54.5,13.09,44.59,239.8,0,74.5,54.07
2026-02-20 02:00:00,-45.44,7.61,67.1,0.0,28.77,230.17,0,74.1,60.72
2026-02-20 03:00:00,-43.97,8.82,10.7,0.61,87.35,226.93,0,76.2,41.21
2026-02-20 04:00:00,-44.49,10.32,71.2,0.0,161.71,208.15,0,76.1,14.75
2026-02-20 05:00:00,-44.2,17.56,34.1,1.17,297.25,249.75,0,76.5,0.0
2026-02-20 06:00:00,-45.58,9.12,38.7,8.76,80.77,238.72,0,75.6,43.74
2026-02-20 07:00:00,-45.61,10.05,57.7,9.07,158.68,258.08,0,76.4,28.4
2026-02-20 08:00:00,-47.39,9.44,26.5,0.27,102.66,302.53,0,79.4,57.42
2026-02-20 09:00:00,-41.56,7.33,48.7,4.31,35.51,343.11,0,79.9,90.35
2026-02-20 10:00:00,-48.17,5.47,58.9,1.08,0.0,398.52,0,79.6,119.09
2026-02-20 11:00:00,-47.79,1.05,56.3,0.0,30.22,390.7,0,77.5,108.5
2026-02-20 12:00:00,-48.62,8.15,35.2,0.07,57.41,403.0,0,78.2,103.18
2026-02-20 13:00:00,-46.17,8.66,40.0,0.0,69.7,417.46,0,77.2,103.2
2026-02-20 14:00:00,-49.27,0.0,10.4,0.0,4.85,439.43,0,76.5,131.6
2026-02-20 15:00:00,-46.81,0.04,23.8,0.0,6.0,452.43,0,77.4,134.98
2026-02-20 16:00:00,-51.13,2.72,17.5,0.78,3.16,421.71,0,76.9,124.95
2026-02-20 17:00:00,-49.52,1.41,66.7,1.53,0.0,443.08,0,76.8,130.67
2026-02-20 18:00:00,-51.85,6.82,30.3,3.52,26.46,394.86,0,77.6,109.77
2026-02-20 19:00:00,-45.79,4.29,48.7,1.55,0.0,370.16,0,76.9,110.76
2026-02-20 20:00:00,-52.15,14.26,52.7,8.17,299.8,372.29,0,75.6,18.63
2026-02-20 21:00:00,-48.68,12.64,38.9,10.96,293.72,342.21,0,76.1,9.3
2026-02-20 22:00:00,-47.41,10.93,23.7,0.0,193.51,306.29,0,76.8,33.56
2026-02-20 23:00:00,-47.13,14.45,39.8,4.85,300.0,284.02,0,76.2,0.77
2026-02-21 00:00:00,-47.32,15.53,77.4,10.57,300.0,241.86,0,75.6,0.92
2026-02-21 01:00:00,-46.44,11.07,67.9,4.98,226.65,199.91,0,74.5,0.0
2026-02-21 02:00:00,-45.37,10.55,80.3,3.59,177.49,218.14,0,75.2,10.49
2026-02-21 03:00:00,-45.13,13.12,85.6,0.0,298.27,217.56,0,77.1,0.73
2026-02-21 04:00:00,-42.43,15.03,42.2,0.0,288.72,220.84,0,78.1,0.0
2026-02-21 05:00:00,-39.63,12.12,43.5,0.0,299.68,229.99,0,78.0,0.0
2026-02-21 06:00:00,-45.07,5.97,56.7,6.94,13.66,240.66,0,78.7,65.93
2026-02-21 07:00:00,-46.8,7.11,25.9,0.0,14.01,281.57,0,77.9,81.81
2026-02-21 08:00:00,-44.53,8.01,51.0,0.0,60.3,277.98,0,78.2,66.89
2026-02-21 09:00:00,-39.67,6.71,47.7,4.2,15.32,267.25,0,77.1,73.0
2026-02-21 10:00:00,-47.06,11.62,32.4,0.0,262.01,351.48,0,77.0,26.4
2026-02-21 11:00:00,-42.9,0.48,46.6,1.4,4.78,359.79,0,78.1,108.52
2026-02-21 12:00:00,-43.6,5.31,54.6,0.74,5.01,371.52,0,78.9,109.04
2026-02-21 13:00:00,-48.84,7.7,53.8,4.39,53.95,402.19,0,79.5,104.77
2026-02-21 14:00:00,-47.32,9.82,67.9,3.29,135.57,415.72,0,79.9,84.03
2026-02-21 15:00:00,-45.82,1.9,22.6,3.14,0.0,402.4,0,79.2,120.97
2026-02-21 16:00:00,-50.31,5.03,54.9,1.0,0.0,424.16,0,79.3,126.5
2026-02-21 17:00:00,-50.26,6.01,62.7,0.0,19.19,393.55,0,80.1,111.89
2026-02-21 18:00:00,-51.12,5.88,62.5,0.7,0.39,381.92,0,79.8,113.34
2026-02-21 19:00:00,-51.88,6.18,24.7,0.28,20.05,355.83,0,79.6,101.45
2026-02-21 20:00:00,-50.85,9.07,72.3,3.83,95.96,382.09,0,79.2,83.05
2026-02-21 21:00:00,-51.52,1.47,29.1,0.0,0.0,325.66,0,78.9,97.53
2026-02-21 22:00:00,-48.39,12.34,62.2,0.21,300.0,307.41,0,78.1,3.79
2026-02-21 23:00:00,-49.27,11.74,51.4,0.37,278.91,251.36,0,78.1,0.59
2026-02-22 00:00:00,-46.26,11.54,52.9,0.0,258.94,235.34,0,77.8,1.0
2026-02-22 01:00:00,-49.06,18.9,37.6,0.0,286.27,238.85,0,76.3,0.0
2026-02-22 02:00:00,-44.56,10.97,79.2,1.91,208.66,229.16,0,78.9,4.58
2026-02-22 03:00:00,-42.94,11.68,17.0,5.04,259.18,189.78,0,77.9,1.18
2026-02-22 04:00:00,-48.11,18.42,71.5,0.0,291.23,211.7,0,77.8,0.13
2026-02-22 05:00:00,-43.08,9.2,10.5,0.0,95.19,200.76,0,77.8,30.63
2026-02-22 06:00:00,-41.27,9.05,68.9,4.15,102.84,221.29,0,77.3,34.92
2026-02-22 07:00:00,-46.24,9.08,58.7,4.63,95.42,243.42,0,77.2,42.48
2026-02-22 08:00:00,-40.78,10.76,34.8,1.16,195.75,244.91,0,76.4,16.94
2026-02-22 09:00:00,-43.76,7.56,9.1,2.07,45.18,305.16,0,77.1,77.97
2026-02-22 10:00:00,-46.63,1.83,19.7,2.66,0.0,345.83,0,77.1,102.03
2026-02-22 11:00:00,-46.06,3.04,27.0,3.56,0.0,341.09,0,77.8,102.14
2026-02-22 12:00:00,-45.61,1.97,88.5,0.0,0.0,367.42,0,79.3,111.84
2026-02-22 13:00:00,-47.35,3.01,48.5,9.59,1.85,397.15,0,79.0,115.71
2026-02-22 14:00:00,-47.15,4.28,40.4,1.37,8.76,433.64,0,79.8,126.29
2026-02-22 15:00:00,-50.69,4.37,82.4,3.65,8.36,379.58,0,81.3,110.32
2026-02-22 16:00:00,-48.98,0.0,68.8,0.0,0.0,420.21,0,81.2,125.45
2026-02-22 17:00:00,-52.45,7.49,29.1,0.0,48.09,424.14,0,81.9,112.56
2026-02-22 18:00:00,-49.95,6.06,26.0,1.88,28.14,379.88,0,81.4,103.57
2026-02-22 19:00:00,-51.43,10.63,39.4,0.0,187.66,369.05,0,82.6,55.29
2026-02-22 20:00:00,-50.79,9.1,62.0,0.0,105.31,353.25,0,82.1,73.23
2026-02-22 21:00:00,-46.37,12.37,14.0,0.0,300.0,308.67,0,82.8,3.21
2026-02-22 22:00:00,-46.04,11.69,78.3,0.0,268.22,307.72,0,83.8,11.55
2026-02-22 23:00:00,-46.28,15.4,60.3,0.53,294.68,260.38,0,82.6,0.22
2026-02-23 00:00:00,-48.68,13.77,49.0,0.0,287.1,278.25,0,82.0,0.0
2026-02-23 01:00:00,-46.35,12.47,29.0,7.12,296.44,249.2,0,81.3,0.2
2026-02-23 02:00:00,-42.57,19.81,51.5,0.0,298.11,231.53,0,82.3,0.43
2026-02-23 03:00:00,-44.09,15.55,39.3,1.17,298.28,210.61,0,81.2,0.0
2026-02-23 04:00:00,-39.25,14.16,34.1,0.0,299.1,214.18,0,81.5,0.0
2026-02-23 05:00:00,-42.81,7.87,12.8,0.0,29.18,230.84,0,82.2,60.84
2026-02-23 06:00:00,-43.11,6.84,82.3,2.94,29.53,237.88,0,82.4,62.01
2026-02-23 07:00:00,-44.21,10.4,65.8,3.35,173.92,286.51,0,83.7,31.34
2026-02-23 08:00:00,-43.63,8.67,55.2,2.76,77.98,264.78,0,81.7,54.23
2026-02-23 09:00:00,-44.68,5.09,74.8,0.0,0.0,344.24,0,82.3,102.92
2026-02-23 10:00:00,-43.58,6.13,51.9,0.42,15.55,313.34,0,82.2,86.92
2026-02-23 11:00:00,-43.8,9.4,43.9,2.99,108.06,369.09,0,80.7,78.12
2026-02-23 12:00:00,-48.06,5.88,13.2,4.76,13.63,419.01,0,79.6,119.7
2026-02-23 13:00:00,-49.93,0.0,32.9,3.14,12.41,408.57,0,81.1,118.19
2026-02-23 14:00:00,-51.66,2.67,62.0,4.83,0.0,447.93,0,81.8,131.87
2026-02-23 15:00:00,-47.6,0.7,70.2,5.34,1.45,437.53,0,82.6,131.24
2026-02-23 16:00:00,-51.3,2.39,21.6,0.52,0.0,445.39,0,83.5,132.04
2026-02-23 17:00:00,-53.7,3.06,98.1,2.49,7.37,432.47,0,82.2,126.28
2026-02-23 18:00:00,-48.71,3.87,86.4,5.0,5.89,399.86,0,82.4,117.89
2026-02-23 19:00:00,-44.4,2.71,31.6,1.95,1.73,349.65,0,83.5,102.64
2026-02-23 20:00:00,-49.1,7.38,73.2,5.99,26.15,361.62,0,83.1,98.94
2026-02-23 21:00:00,-46.94,7.38,56.8,4.37,29.11,344.58,0,84.5,93.96
2026-02-23 22:00:00,-47.83,1.5,28.2,0.0,0.0,300.77,0,83.9,88.72
2026-02-23 23:00:00,-47.47,17.52,24.7,0.0,294.44,276.32,0,84.0,0.0
2026-02-24 00:00:00,-44.42,15.47,67.5,0.1,300.0,276.39,0,84.4,0.19
2026-02-24 01:00:00,-46.06,11.63,61.4,0.0,267.67,239.12,0,85.1,0.45
2026-02-24 02:00:00,-44.22,13.05,21.5,0.42,300.0,231.35,0,84.9,0.0
2026-02-24 03:00:00,-43.49,9.37,57.8,0.0,118.24,228.51,0,85.9,34.92
2026-02-24 04:00:00,-45.0,17.53,68.2,6.5,300.0,225.95,0,86.3,0.48
2026-02-24 05:00:00,-41.38,17.39,39.1,2.53,295.38,237.76,0,84.7,0.78
2026-02-24 06:00:00,-43.61,11.17,49.7,4.89,218.82,264.96,0,86.5,13.09
2026-02-24 07:00:00,-44.87,12.59,42.4,0.0,298.15,288.16,0,85.5,0.0
2026-02-24 08:00:00,-42.59,8.76,62.0,7.65,75.04,307.12,0,87.5,67.21
2026-02-24 09:00:00,-45.93,2.93,44.3,4.47,7.62,296.55,0,87.3,85.32
2026-02-24 10:00:00,-44.7,4.47,15.3,2.14,4.68,332.4,0,87.0,97.42
2026-02-24 11:00:00,-45.5,5.03,87.8,0.0,0.89,368.78,0,87.3,110.57
2026-02-24 12:00:00,-44.09,2.43,16.8,5.89,0.0,381.04,0,86.7,110.44
2026-02-24 13:00:00,-46.08,2.58,26.1,8.87,5.63,404.04,0,84.8,116.99
2026-02-24 14:00:00,-47.81,2.73,67.9,0.06,8.09,443.37,0,84.7,130.26
2026-02-24 15:00:00,-46.74,2.87,24.9,0.16,0.0,431.82,0,85.0,127.38
2026-02-24 16:00:00,-46.08,3.71,78.6,0.0,0.0,422.78,0,86.6,127.26
2026-02-24 17:00:00,-48.04,1.12,29.5,0.0,0.73,417.34,0,85.4,123.8
2026-02-24 18:00:00,-49.24,3.15,83.0,0.0,4.39,402.43,0,86.0,119.03
2026-02-24 19:00:00,-51.78,2.63,21.8,8.3,0.9,391.71,0,85.9,114.5
2026-02-24 20:00:00,-50.99,10.7,47.9,5.4,191.13,389.67,0,85.9,56.1
2026-02-24 21:00:00,-48.99,2.75,72.9,0.0,0.0,310.51,0,86.9,91.42
2026-02-24 22:00:00,-48.98,13.75,62.9,0.0,293.55,330.17,0,86.3,11.53
2026-02-24 23:00:00,-47.41,15.52,27.3,10.68,300.0,316.64,0,86.5,1.18
2026-02-25 00:00:00,-45.91,11.3,61.7,0.0,241.83,276.02,0,87.6,9.86
2026-02-25 01:00:00,-44.19,4.95,75.4,0.0,8.27,221.12,0,88.6,63.93
2026-02-25 02:00:00,-44.66,11.91,39.3,0.0,297.73,220.09,0,87.4,0.0
2026-02-25 03:00:00,-42.93,12.69,25.8,0.0,292.23,234.29,0,86.8,0.0
2026-02-25 04:00:00,-43.3,9.41,25.4,0.0,104.33,219.58,0,86.7,34.46
2026-02-25 05:00:00,-47.08,10.15,62.4,0.0,159.38,237.05,0,87.5,25.07
2026-02-25 06:00:00,-44.9,15.29,54.9,0.0,300.0,252.47,0,87.2,0.0
2026-02-25 07:00:00,-43.41,11.52,57.4,6.64,254.96,253.4,0,87.3,0.79
2026-02-25 08:00:00,-45.84,5.46,53.6,0.0,4.11,299.68,0,88.6,88.67
2026-02-25 09:00:00,-42.7,2.14,53.0,0.0,10.14,300.01,0,88.2,85.83
2026-02-25 10:00:00,-41.46,4.73,43.8,0.0,0.0,351.1,0,89.7,104.7
2026-02-25 11:00:00,-42.81,3.99,43.1,0.0,2.75,355.77,0,88.1,106.77
2026-02-25 12:00:00,-46.45,5.28,26.2,0.0,4.34,400.83,0,87.7,119.72
2026-02-25 13:00:00,-43.82,1.63,74.3,0.38,0.0,401.4,0,86.3,119.79
2026-02-25 14:00:00,-47.22,4.54,78.4,1.61,14.44,433.98,0,86.4,125.72
2026-02-25 15:00:00,-48.82,8.92,56.0,7.01,63.86,448.8,0,87.2,112.34
2026-02-25 16:00:00,-49.85,6.0,47.9,0.0,12.08,440.44,0,87.0,128.33
2026-02-25 17:00:00,-49.53,4.16,11.6,8.09,4.87,414.69,0,86.6,120.09
2026-02-25 18:00:00,-49.8,4.75,24.7,0.0,0.0,401.66,0,85.2,121.43
2026-02-25 19:00:00,-48.58,5.41,54.7,0.0,7.98,421.14,0,86.9,124.41
2026-02-25 20:00:00,-48.3,11.31,51.7,8.82,234.36,375.01,0,86.9,38.87
2026-02-25 21:00:00,-48.14,7.18,81.2,14.51,37.96,331.45,0,86.4,83.12
2026-02-25 22:00:00,-46.65,10.43,67.2,8.43,196.9,295.46,0,88.0,27.01
2026-02-25 23:00:00,-44.42,11.52,93.5,0.0,257.22,251.68,0,87.6,0.0
2026-02-26 00:00:00,-43.89,10.7,83.1,2.57,192.71,267.88,0,86.7,21.5
2026-02-26 01:00:00,-47.98,8.65,60.6,3.41,66.42,236.67,0,86.0,49.7
2026-02-26 02:00:00,-49.39,13.96,64.8,1.73,300.0,257.38,0,85.1,1.38
2026-02-26 03:00:00,-41.79,12.7,38.8,0.0,297.02,227.78,0,84.1,0.0
2026-02-26 04:00:00,-45.92,13.94,89.6,1.17,300.0,251.46,0,83.4,0.3
2026-02-26 05:00:00,-43.34,10.1,53.1,0.0,135.88,244.8,0,85.8,35.1
2026-02-26 06:00:00,-45.13,14.36,37.5,0.0,291.41,251.53,0,84.6,0.0
2026-02-26 07:00:00,-46.49,6.89,88.5,0.0,33.66,279.71,0,83.1,74.01
2026-02-26 08:00:00,-42.1,13.37,59.7,1.58,300.0,290.79,0,83.4,0.24
2026-02-26 09:00:00,-42.15,1.69,73.1,5.01,10.59,312.42,0,83.4,89.03
2026-02-26 10:00:00,-45.44,7.01,35.4,0.0,29.45,327.85,0,84.0,89.56
2026-02-26 11:00:00,-50.19,6.06,26.9,0.0,15.87,358.24,0,83.5,101.83
2026-02-26 12:00:00,-46.88,1.41,71.4,4.02,0.0,412.73,0,82.6,122.97
2026-02-26 13:00:00,-45.78,4.51,11.8,0.35,0.0,411.23,0,84.3,121.43
2026-02-26 14:00:00,-50.24,6.84,34.5,1.91,31.02,451.71,0,82.7,127.43
2026-02-26 15:00:00,-47.54,0.0,54.1,0.39,0.0,426.93,0,83.0,129.68
2026-02-26 16:00:00,-48.41,5.06,34.1,1.01,13.07,431.81,0,83.7,124.99
2026-02-26 17:00:00,-47.52,0.0,63.2,0.0,0.0,433.11,0,84.5,130.98
2026-02-26 18:00:00,-48.55,2.4,74.2,0.61,0.0,429.69,0,84.2,128.43
2026-02-26 19:00:00,-50.63,11.37,66.3,7.14,231.14,387.15,0,83.0,44.67
2026-02-26 20:00:00,-45.99,6.02,62.0,0.0,0.0,338.85,1,84.5,100.97
2026-02-26 21:00:00,-48.22,5.54,54.6,0.0,14.07,352.86,0,84.0,102.46
2026-02-26 22:00:00,-47.34,9.7,70.3,7.38,118.45,301.83,0,85.6,52.22
2026-02-26 23:00:00,-48.43,17.57,27.4,3.61,300.0,278.01,0,85.9,0.79
2026-02-27 00:00:00,-46.43,6.71,44.1,3.84,21.82,252.58,0,85.4,68.03
2026-02-27 01:00:00,-46.54,9.61,33.0,3.7,123.7,232.24,0,85.8,31.43
2026-02-27 02:00:00,-44.39,17.49,20.6,0.0,297.68,238.18,0,87.0,0.0
2026-02-27 03:00:00,-40.0,18.46,8.2,3.24,300.0,189.93,0,87.1,0.06
2026-02-27 04:00:00,-45.69,12.13,28.2,6.92,300.0,232.01,0,86.3,0.0
2026-02-27 05:00:00,-45.88,7.98,17.0,0.0,50.69,244.78,0,84.5,58.29
2026-02-27 06:00:00,-39.6,16.99,54.0,0.0,295.8,229.11,0,84.1,1.94
2026-02-27 07:00:00,-43.07,14.3,37.2,1.83,285.46,293.02,0,84.9,0.33
2026-02-27 08:00:00,-44.29,10.27,74.4,0.16,162.46,310.46,0,83.9,44.21
2026-02-27 09:00:00,-41.34,4.5,52.5,0.0,0.0,307.2,0,84.6,91.52
2026-02-27 10:00:00,-45.26,5.56,71.5,3.03,2.74,350.07,0,84.6,102.25
2026-02-27 11:00:00,-41.12,4.15,42.3,2.65,0.0,376.77,0,85.4,111.44
2026-02-27 12:00:00,-44.19,4.79,65.9,0.0,0.52,394.48,0,83.0,119.66
2026-02-27 13:00:00,-47.3,7.59,50.9,9.45,56.58,327.98976684896235,1,81.6,80.32
2026-02-27 14:00:00,-42.73,5.64,36.2,3.76,10.39,423.28,0,81.1,121.69
2026-02-27 15:00:00,-48.88,0.0,65.4,0.0,0.0,440.43,0,83.0,132.53
2026-02-27 16:00:00,-46.66,7.69,41.5,4.09,38.8,430.24,0,82.3,115.29
2026-02-27 17:00:00,-47.85,5.24,70.1,3.95,0.0,467.39,0,82.1,138.35
2026-02-27 18:00:00,-45.94,7.36,33.1,7.08,25.06,383.25,0,84.3,103.28
2026-02-27 19:00:00,-45.32,10.88,90.3,0.0,191.04,359.54,0,84.7,52.68
2026-02-27 20:00:00,-48.08,4.43,24.0,4.17,3.37,356.5,0,85.6,105.79
2026-02-27 21:00:00,-49.17,8.96,19.2,0.0,0.0,358.58,1,84.9,106.92
2026-02-27 22:00:00,-46.13,8.7,32.3,0.0,76.83,265.55,0,86.1,56.9
2026-02-27 23:00:00,-47.68,6.66,4.3,0.0,23.13,254.48,0,87.4,69.01
2026-02-28 00:00:00,-41.28,13.25,72.4,0.0,293.87,217.13,0,87.9,0.95
2026-02-28 01:00:00,-44.26,20.3,29.1,2.7,290.81,247.98,0,87.9,0.0
2026-02-28 02:00:00,-44.54,7.47,14.1,0.0,27.52,207.41,0,88.4,53.77
2026-02-28 03:00:00,-42.81,12.79,25.3,0.0,290.41,180.99,0,86.8,0.0
2026-02-28 04:00:00,-45.4,14.36,40.8,0.38,300.0,221.94,0,87.9,0.6
2026-02-28 05:00:00,-44.35,12.07,70.0,5.79,300.0,241.38,0,87.0,2.21
2026-02-28 06:00:00,-39.9,10.36,69.6,0.0,155.69,209.41,0,86.7,15.83
2026-02-28 07:00:00,-43.72,5.62,19.5,0.0,4.67,257.98,0,88.1,75.7
2026-02-28 08:00:00,-44.8,8.93,31.9,2.2,87.44,280.87,0,89.2,57.34
2026-02-28 09:00:00,-42.11,4.66,68.4,0.0,0.0,304.91,0,87.5,91.73
2026-02-28 10:00:00,-41.43,0.0,67.6,0.0,2.66,313.29,0,86.6,92.89
2026-02-28 11:00:00,-43.09,8.22,41.2,1.73,53.93,358.7,0,87.2,90.52
2026-02-28 12:00:00,-43.31,6.67,57.0,0.0,14.9,383.22,0,85.5,110.58
2026-02-28 13:00:00,-47.6,3.39,53.3,0.0,0.0,410.12,0,86.9,121.28
2026-02-28 14:00:00,-49.65,3.69,41.2,0.0,2.75,391.21,0,87.0,115.99
2026-02-28 15:00:00,-44.42,6.34,79.0,0.0,25.59,381.75,0,88.4,104.85
2026-02-28 16:00:00,-48.55,4.23,91.5,0.0,3.78,401.9,0,87.7,118.94
2026-02-28 17:00:00,-48.7,7.01,66.0,5.28,24.52,406.71,0,87.0,112.12
2026-02-28 18:00:00,-45.65,4.41,28.3,11.81,7.8,386.05,0,88.1,110.56
2026-02-28 19:00:00,-47.09,10.42,44.2,0.18,176.12,345.46,0,87.8,50.01
2026-02-28 20:00:00,-46.99,8.73,30.2,3.84,74.99,341.72,0,86.5,78.5
2026-02-28 21:00:00,-43.1,9.65,33.1,0.0,119.85,313.49,0,87.1,55.94
2026-02-28 22:00:00,-48.09,6.48,62.5,0.0,13.93,298.41,0,85.5,86.37
2026-02-28 23:00:00,-44.23,12.23,57.8,9.26,300.0,245.79,0,87.0,0.0
2026-03-01 00:00:00,-44.95,9.71,82.6,0.0,124.92,228.61,0,87.1,30.62
2026-03-01 01:00:00,-43.75,10.85,82.2,3.59,187.82,195.18,0,86.2,1.91
2026-03-01 02:00:00,-40.51,10.55,86.8,0.79,180.36,221.04,0,87.4,12.75
2026-03-01 03:00:00,-41.93,9.69,34.9,4.97,135.13,202.9,0,88.6,17.73
2026-03-01 04:00:00,-41.39,18.82,64.8,4.77,300.0,173.39,0,88.6,0.53
2026-03-01 05:00:00,-40.02,15.69,75.1,1.39,296.17,221.86,0,50.8,0.0
2026-03-01 06:00:00,-42.79,16.46,77.9,1.94,294.43,237.54,0,53.1,0.23
2026-03-01 07:00:00,-43.84,5.85,63.6,6.06,24.71,269.43,0,53.4,70.81
2026-03-01 08:00:00,-44.55,8.45,36.7,0.0,79.15,269.39,0,54.5,56.06
2026-03-01 09:00:00,-46.87,3.05,67.5,7.78,3.74,304.32,0,55.8,87.88
2026-03-01 10:00:00,-39.45,3.62,42.8,0.0,0.0,302.04,0,54.7,89.89
2026-03-01 11:00:00,-46.49,1.88,73.4,0.38,0.0,391.23,0,54.9,119.27
2026-03-01 12:00:00,-45.51,7.51,47.6,3.15,29.0,369.73,0,54.3,100.66
2026-03-01 13:00:00,-46.39,2.05,20.3,0.0,14.5,381.44,0,53.4,108.89
2026-03-01 14:00:00,-45.95,6.21,72.4,6.91,1.41,394.74,0,53.6,115.03
2026-03-01 15:00:00,-45.55,4.93,27.1,2.38,17.39,401.77,0,53.8,114.58
2026-03-01 16:00:00,-45.94,10.47,92.0,16.5,170.69,427.75,0,52.1,72.28
2026-03-01 17:00:00,-49.13,0.0,43.9,10.4,0.0,408.15,0,52.5,119.63
2026-03-01 18:00:00,-48.4,9.08,56.3,0.0,100.39,404.41,0,52.2,92.12
2026-03-01 19:00:00,-47.4,9.92,69.6,8.93,141.4,366.48,0,53.6,63.17
2026-03-01 20:00:00,-48.16,4.84,31.1,4.24,0.0,337.66,0,54.8,100.98
2026-03-01 21:00:00,-43.97,12.09,19.7,1.16,299.8,286.27,0,53.9,0.0
2026-03-01 22:00:00,-45.58,11.3,60.6,0.0,246.31,304.77,0,55.2,17.94
2026-03-01 23:00:00,-44.37,10.68,64.2,0.0,183.13,267.97,0,55.8,27.17
2026-03-02 00:00:00,-43.49,9.74,16.7,0.02,139.44,265.99,0,55.6,37.16
2026-03-02 01:00:00,-41.7,10.61,44.8,0.0,175.4,242.37,0,55.1,19.25
2026-03-02 02:00:00,-42.96,19.14,37.6,1.13,287.02,211.64,0,53.9,0.0
2026-03-02 03:00:00,-45.29,12.89,56.6,6.86,300.0,229.85,0,52.7,0.0
2026-03-02 04:00:00,-41.42,14.79,83.7,4.32,288.31,233.97,0,50.9,1.27
2026-03-02 05:00:00,-43.22,9.33,54.1,0.0,105.38,247.22,0,50.9,41.44
2026-03-02 06:00:00,-42.88,8.36,73.8,4.62,63.41,250.28,0,88.8,54.18
2026-03-02 07:00:00,-40.75,12.77,33.0,0.0,293.93,291.87,0,88.0,0.98
2026-03-02 08:00:00,-39.74,4.19,15.3,0.0,15.72,291.33,0,88.6,83.31
2026-03-02 09:00:00,-42.66,5.69,47.0,1.91,7.98,337.81,0,50.1,97.88
2026-03-02 10:00:00,-42.7,5.81,70.3,0.0,16.05,346.98,0,89.0,99.07
2026-03-02 11:00:00,-40.64,4.97,51.7,0.0,10.58,356.35,0,89.6,104.65
2026-03-02 12:00:00,-44.34,3.26,30.2,4.97,14.1,408.27,0,89.3,118.34
2026-03-02 13:00:00,-40.39,4.42,3.3,3.29,0.0,408.78,0,88.7,123.35
2026-03-02 14:00:00,-45.19,5.08,40.2,0.0,0.0,427.36,0,88.9,129.59
2026-03-02 15:00:00,-50.46,5.32,14.9,0.0,18.93,428.69,0,88.2,122.26
2026-03-02 16:00:00,-45.91,0.6,82.8,0.0,4.65,439.49,0,88.2,132.27
2026-03-02 17:00:00,-46.95,3.45,85.6,9.71,1.05,405.55,0,88.2,117.7
2026-03-02 18:00:00,-45.24,8.88,66.6,4.83,82.6,408.09,0,89.4,94.55
2026-03-02 19:00:00,-46.37,9.16,38.1,7.12,93.71,362.66,0,50.8,78.66
2026-03-02 20:00:00,-47.69,3.65,71.0,1.28,7.0,346.25,0,50.2,102.87
2026-03-02 21:00:00,-49.39,10.12,81.9,0.0,136.99,342.55,0,89.9,62.33
2026-03-02 22:00:00,-46.74,4.36,36.9,4.53,4.85,313.02,0,50.7,91.02
2026-03-02 23:00:00,-47.3,11.51,30.2,6.41,261.87,285.15,0,50.5,5.35
2026-03-03 00:00:00,-45.73,17.9,40.4,0.0,300.0,248.57,0,51.2,0.53
2026-03-03 01:00:00,-42.62,9.92,42.1,0.0,135.8,247.96,0,52.1,33.8
2026-03-03 02:00:00,-39.73,10.49,31.3,0.0,172.9,214.68,0,53.2,12.24
2026-03-03 03:00:00,-41.66,15.18,54.3,0.0,300.0,217.88,0,53.2,0.0
2026-03-03 04:00:00,-44.37,7.81,50.0,3.34,50.45,224.15,0,52.1,51.22
2026-03-03 05:00:00,-40.79,9.8,59.5,0.0,143.44,214.93,0,51.9,21.32
2026-03-03 06:00:00,-39.18,12.49,56.5,4.66,286.06,253.73,0,51.4,0.0
2026-03-03 07:00:00,-42.9,7.62,38.9,9.84,47.83,259.06,0,52.2,61.46
2026-03-03 08:00:00,-42.24,7.53,45.9,0.12,31.76,316.3,0,53.7,85.08
2026-03-03 09:00:00,-42.42,9.17,68.2,0.0,96.08,304.89,0,55.3,62.43
2026-03-03 10:00:00,-44.64,6.97,33.5,2.74,36.76,354.65,0,56.1,94.73
2026-03-03 11:00:00,-42.5,5.44,69.6,0.0,0.0,368.54,0,55.2,113.19
2026-03-03 12:00:00,-44.82,2.78,64.5,0.0,16.92,393.48,0,56.6,111.88
2026-03-03 13:00:00,-44.51,4.35,62.4,0.0,9.86,420.36,0,57.0,124.24
2026-03-03 14:00:00,-47.85,2.63,90.6,0.0,4.63,441.99,0,56.2,130.91
2026-03-03 15:00:00,-47.57,4.49,60.3,4.5,0.0,440.75,0,57.1,130.81
2026-03-03 16:00:00,-45.73,2.07,58.2,0.0,0.0,407.82,0,56.9,121.03
2026-03-03 17:00:00,-48.22,3.75,19.3,5.56,0.0,403.69,0,54.9,121.32
2026-03-03 18:00:00,-44.12,2.33,59.5,2.65,0.0,374.6,0,53.9,111.81
2026-03-03 19:00:00,-48.27,6.37,72.0,0.0,24.5,327.7758001001447,1,53.9,91.64
2026-03-03 20:00:00,-46.72,5.33,51.5,4.05,1.97,387.77,0,53.8,113.03
2026-03-03 21:00:00,-44.83,5.72,40.0,0.0,6.88,323.75,0,52.7,94.42
2026-03-03 22:00:00,-48.91,11.07,33.9,0.0,215.28,342.36,0,53.4,38.54
2026-03-03 23:00:00,-48.87,12.0,88.2,3.57,298.29,286.11,0,54.0,0.0
2026-03-04 00:00:00,-47.38,14.56,67.3,0.0,300.0,263.83,0,52.5,0.45
2026-03-04 01:00:00,-41.03,11.47,58.5,0.07,245.08,235.42,0,55.2,2.1
2026-03-04 02:00:00,-43.93,14.22,17.3,2.95,300.0,220.83,0,53.9,0.5
2026-03-04 03:00:00,-37.09,14.54,72.5,6.55,295.23,204.68,0,53.5,0.0
2026-03-04 04:00:00,-42.86,13.78,37.5,7.58,299.77,196.44,0,53.9,0.0
2026-03-04 05:00:00,-41.06,9.22,25.1,0.0,88.58,213.24,0,53.4,36.63
2026-03-04 06:00:00,-38.24,11.15,58.9,3.85,231.35,208.78,0,54.9,0.0
2026-03-04 07:00:00,-37.42,10.61,47.7,0.0,191.97,263.14,0,54.7,20.97
2026-03-04 08:00:00,-37.61,8.26,64.5,0.0,65.62,256.5,0,53.8,57.38
2026-03-04 09:00:00,-39.79,0.68,43.6,6.84,1.36,330.55,0,54.4,97.23
2026-03-04 10:00:00,-40.78,6.19,22.2,0.0,13.07,343.56,0,51.5,99.58
2026-03-04 11:00:00,-42.37,11.27,24.3,0.8,220.26,381.5,0,52.0,48.26
2026-03-04 12:00:00,-42.77,2.71,50.5,0.0,0.0,379.32,0,53.3,114.0
2026-03-04 13:00:00,-46.21,1.05,87.3,2.11,6.0,398.38,0,51.0,119.62
2026-03-04 14:00:00,-47.46,4.13,38.2,3.77,0.0,423.76,0,50.6,125.27
2026-03-04 15:00:00,-46.46,4.05,66.1,3.62,0.0,445.34,0,89.0,132.48
2026-03-04 16:00:00,-47.27,7.13,29.3,0.0,17.75,460.13,0,89.0,130.93
2026-03-04 17:00:00,-48.13,0.53,27.6,5.0,5.08,428.62,0,51.2,125.18
2026-03-04 18:00:00,-45.93,7.49,76.9,0.0,44.24,378.77,0,51.4,99.46
2026-03-04 19:00:00,-45.31,8.25,27.3,0.0,47.28,361.35,0,51.2,93.49
2026-03-04 20:00:00,-46.75,7.34,53.9,0.0,34.86,333.81,0,88.4,88.5
2026-03-04 21:00:00,-43.49,10.08,33.3,0.0,149.15,318.53,0,87.3,49.46
2026-03-04 22:00:00,-48.11,13.38,54.4,0.0,295.33,304.29,0,87.2,2.81
2026-03-04 23:00:00,-45.49,13.98,97.6,0.0,300.0,274.42,0,87.2,0.71
2026-03-05 00:00:00,-45.51,8.78,42.1,0.3,76.71,239.72,0,87.6,48.04
2026-03-05 01:00:00,-47.04,15.22,63.7,4.14,286.27,226.91,0,88.4,0.0
2026-03-05 02:00:00,-42.74,12.8,51.8,3.96,298.44,223.04,0,87.5,0.11
2026-03-05 03:00:00,-42.2,13.1,85.5,0.0,300.0,223.87,0,87.5,0.47
2026-03-05 04:00:00,-38.45,12.66,45.3,3.39,297.24,190.98,0,87.0,0.67
2026-03-05 05:00:00,-39.92,11.25,68.3,1.03,222.7,230.26,0,86.1,0.94
2026-03-05 06:00:00,-43.13,14.28,15.9,0.0,300.0,262.88,0,85.2,0.0
2026-03-05 07:00:00,-37.47,9.27,35.4,0.0,103.5,217.45,0,85.7,33.08
2026-03-05 08:00:00,-39.04,4.88,78.6,0.0,2.71,304.87,0,83.2,89.91
2026-03-05 09:00:00,-40.79,5.75,78.8,1.15,12.38,322.9,0,81.3,92.02
2026-03-05 10:00:00,-43.03,6.24,40.6,1.89,8.46,359.31,0,84.5,104.18
2026-03-05 11:00:00,-45.22,8.32,52.3,0.0,57.16,360.35,0,83.8,90.71
2026-03-05 12:00:00,-44.82,5.6,46.8,0.0,13.05,406.98,0,85.3,118.29
2026-03-05 13:00:00,-42.68,0.69,69.6,0.0,0.0,418.17,0,85.2,124.61
2026-03-05 14:00:00,-41.81,10.46,61.1,0.0,183.77,402.25,0,84.7,65.4
2026-03-05 15:00:00,-43.11,3.91,57.7,10.28,10.15,431.03,0,85.3,122.27
2026-03-05 16:00:00,-47.66,7.38,61.8,0.3,25.43,427.5,0,85.4,118.78
2026-03-05 17:00:00,-49.22,3.85,53.8,3.71,12.06,415.0,0,85.2,120.31
2026-03-05 18:00:00,-46.8,6.9,43.8,3.18,25.63,398.16,0,85.2,110.14
2026-03-05 19:00:00,-50.51,9.0,33.0,1.55,99.97,328.15247180642024,1,85.6,66.26
2026-03-05 20:00:00,-46.03,11.42,50.6,0.0,246.72,349.43,0,84.9,31.37
2026-03-05 21:00:00,-46.5,12.24,60.4,0.0,298.58,317.62,0,84.4,5.46
2026-03-05 22:00:00,-46.51,12.91,41.7,0.0,297.75,309.54,0,83.4,3.99
2026-03-05 23:00:00,-48.05,10.42,17.4,0.71,148.52,292.55,0,82.2,43.41
2026-03-06 00:00:00,-42.8,10.49,66.2,1.5,180.33,249.88,0,84.1,19.32
2026-03-06 01:00:00,-44.12,13.76,56.2,0.0,294.34,211.49,0,83.2,0.93
2026-03-06 02:00:00,-44.67,15.79,45.2,0.72,300.0,218.65,0,84.1,0.0
2026-03-06 03:00:00,-47.45,12.22,71.6,0.0,300.0,219.69,0,83.8,0.0
2026-03-06 04:00:00,-41.29,15.64,26.4,0.0,295.38,243.24,0,84.3,0.0
2026-03-06 05:00:00,-37.39,16.06,71.5,0.0,294.91,217.34,0,84.3,0.0
2026-03-06 06:00:00,-37.51,7.95,22.8,3.33,57.97,227.62,0,82.5,51.12
2026-03-06 07:00:00,-41.85,7.01,68.7,0.2,22.8,257.17,0,82.6,70.55
2026-03-06 08:00:00,-42.44,7.81,2.7,0.0,56.33,289.57,0,83.2,68.56
2026-03-06 09:00:00,-40.77,7.86,33.7,0.0,41.71,323.58,0,82.2,83.3
2026-03-06 10:00:00,-44.33,4.13,51.2,0.0,12.1,321.42,0,84.5,94.95
2026-03-06 11:00:00,-42.45,8.69,24.7,0.0,73.36,370.8,0,85.4,88.76
2026-03-06 12:00:00,-42.3,5.06,74.5,2.91,6.24,380.04,0,86.2,110.47
2026-03-06 13:00:00,-42.15,3.36,26.9,0.0,7.88,409.51,0,87.1,121.65
2026-03-06 14:00:00,-45.53,0.0,36.4,0.0,4.09,435.17,0,84.8,127.55
2026-03-06 15:00:00,-46.36,0.0,62.8,0.0,8.57,418.65,0,85.5,124.41
2026-03-06 16:00:00,-48.18,4.4,52.4,0.0,0.0,410.59,0,87.7,122.38
2026-03-06 17:00:00,-48.38,0.0,83.4,9.33,0.0,417.18,0,88.5,122.87
2026-03-06 18:00:00,-47.28,8.34,47.5,6.27,63.17,421.86,0,88.2,105.25
2026-03-06 19:00:00,-45.99,6.01,91.7,0.0,5.1,390.5,0,87.1,114.05
2026-03-06 20:00:00,-44.6,17.49,41.8,0.0,300.0,344.02,0,85.9,13.38
2026-03-06 21:00:00,-47.56,15.99,22.5,0.0,295.9,323.16,0,84.6,9.13
2026-03-06 22:00:00,-42.34,9.75,50.0,0.0,120.45,282.75,0,84.2,46.34
2026-03-06 23:00:00,-45.15,11.05,37.6,0.0,222.2,255.99,0,83.1,8.98
2026-03-07 00:00:00,-43.62,15.19,49.3,0.0,291.64,241.92,0,83.0,1.24
2026-03-07 01:00:00,-44.3,17.87,53.0,0.0,292.03,230.81,0,83.2,0.4
2026-03-07 02:00:00,-46.93,8.08,29.1,1.66,58.02,208.39,0,81.5,45.08
2026-03-07 03:00:00,-39.69,7.53,14.0,3.39,49.01,181.56,0,80.7,39.68
2026-03-07 04:00:00,-39.51,10.58,28.6,1.39,180.52,181.46,0,80.1,0.47
2026-03-07 05:00:00,-41.24,13.45,88.7,0.0,287.07,200.36,0,79.5,0.15
2026-03-07 06:00:00,-40.45,12.19,57.1,1.62,300.0,209.61,0,79.5,1.12
2026-03-07 07:00:00,-39.65,12.73,39.3,3.18,295.26,236.62,0,79.6,0.0
2026-03-07 08:00:00,-44.11,4.64,61.8,0.0,10.78,288.24,0,79.2,83.22
2026-03-07 09:00:00,-42.52,0.0,64.1,0.0,0.0,307.81,1,78.5,93.17
2026-03-07 10:00:00,-40.49,8.28,18.4,5.92,69.73,304.77,0,78.5,67.97
2026-03-07 11:00:00,-45.31,2.15,61.8,0.44,0.0,358.21,0,80.0,108.76
2026-03-07 12:00:00,-42.99,0.0,55.3,0.0,0.0,379.37,0,78.5,114.1
2026-03-07 13:00:00,-47.07,3.67,52.1,10.35,0.0,383.72,0,79.6,110.86
2026-03-07 14:00:00,-44.15,5.39,52.9,0.0,0.34,401.16,0,78.0,120.05
2026-03-07 15:00:00,-45.77,2.75,32.9,12.2,1.42,425.51,0,78.4,122.18
2026-03-07 16:00:00,-49.41,2.18,74.7,1.89,0.8,411.15,0,79.4,122.62
2026-03-07 17:00:00,-44.15,3.82,51.6,0.0,5.12,358.78,0,78.1,105.72
2026-03-07 18:00:00,-48.05,4.19,45.5,0.92,10.65,347.1,0,78.4,99.79
2026-03-07 19:00:00,-48.1,2.44,46.6,0.0,0.23,368.96,0,77.4,108.84
2026-03-07 20:00:00,-45.78,5.62,80.7,0.31,7.94,334.82,0,78.6,97.18
2026-03-07 21:00:00,-43.4,10.63,65.2,10.05,191.7,303.02,0,77.0,30.2
2026-03-07 22:00:00,-47.11,11.26,84.2,0.0,233.77,292.79,0,76.1,17.33
2026-03-07 23:00:00,-44.23,11.87,89.4,2.67,279.8,230.5,0,76.2,0.0
2026-03-08 00:00:00,-42.47,9.22,49.4,0.0,94.85,214.6,0,76.9,35.95
2026-03-08 01:00:00,-41.17,12.22,86.3,0.0,282.96,213.25,0,77.0,0.0
2026-03-08 02:00:00,-41.48,6.46,43.2,9.88,9.55,208.89,0,77.5,57.76
2026-03-08 03:00:00,-41.94,13.42,69.3,2.63,286.48,191.97,0,77.0,1.07
2026-03-08 04:00:00,-42.39,16.73,80.9,3.73,300.0,179.09,0,75.9,0.0
2026-03-08 05:00:00,-40.26,7.28,59.5,0.35,41.96,209.28,0,77.3,51.67
2026-03-08 06:00:00,-42.47,8.94,28.6,13.48,78.72,227.47,0,77.8,40.44
2026-03-08 07:00:00,-46.27,10.51,10.9,0.0,167.08,242.94,0,77.3,21.46
2026-03-08 08:00:00,-39.86,11.99,55.7,0.0,300.0,233.94,0,75.7,1.19
2026-03-08 09:00:00,-39.4,5.59,24.6,8.43,3.54,296.77,0,76.9,87.05
2026-03-08 10:00:00,-46.55,3.63,58.4,0.0,2.16,326.27,0,78.2,98.23
2026-03-08 11:00:00,-44.57,0.0,53.5,2.05,5.95,356.51,0,78.0,103.79
2026-03-08 12:00:00,-42.09,4.1,66.0,8.58,0.0,369.22,0,77.3,106.96
2026-03-08 13:00:00,-39.99,9.36,56.8,2.12,100.36,359.37,0,77.0,76.72
2026-03-08 14:00:00,-44.79,3.84,70.3,11.15,0.0,407.23,0,76.8,121.3
2026-03-08 15:00:00,-46.91,3.05,71.9,0.68,0.0,397.83,0,77.6,117.97
2026-03-08 16:00:00,-46.29,4.52,16.9,0.0,5.34,383.03,0,76.5,114.13
2026-03-08 17:00:00,-43.48,4.27,7.4,0.0,5.65,362.69,0,75.9,107.02
2026-03-08 18:00:00,-47.62,2.86,13.4,1.5,0.64,383.52,0,75.7,115.36
2026-03-08 19:00:00,-47.82,8.95,40.2,0.0,97.56,387.37,0,76.0,85.68
2026-03-08 20:00:00,-46.89,8.44,20.7,1.62,64.16,337.17,0,76.8,81.17
2026-03-08 21:00:00,-47.36,9.12,54.2,7.3,99.27,338.83,0,77.1,68.78
2026-03-08 22:00:00,-44.58,7.37,90.0,0.0,38.23,299.59,0,78.9,77.57
2026-03-08 23:00:00,-40.86,15.28,75.4,0.95,293.61,250.32,0,77.9,0.74
2026-03-09 00:00:00,-42.43,14.2,29.1,4.58,300.0,270.2,0,79.4,0.0
2026-03-09 01:00:00,-42.8,11.1,56.5,3.35,219.73,253.72,0,78.4,9.48
2026-03-09 02:00:00,-42.16,16.0,22.3,5.8,300.0,237.57,0,78.0,0.06
2026-03-09 03:00:00,-44.08,11.39,70.3,0.0,232.63,193.98,0,78.4,0.0
2026-03-09 04:00:00,-38.71,10.1,44.3,0.0,148.17,205.99,0,79.6,16.61
2026-03-09 05:00:00,-40.33,9.42,95.6,5.88,105.21,213.98,0,79.2,31.2
2026-03-09 06:00:00,-40.44,5.39,32.1,0.0,0.0,258.18,0,79.6,77.43
2026-03-09 07:00:00,-33.79,10.94,52.5,0.0,217.27,236.76,0,79.3,5.89
2026-03-09 08:00:00,-39.88,2.74,28.8,1.68,1.56,310.04,0,77.0,91.81
2026-03-09 09:00:00,-42.46,3.25,53.5,0.93,0.0,318.9,0,76.9,95.09
2026-03-09 10:00:00,-42.43,0.0,63.4,0.0,0.0,342.75,0,75.7,102.8
2026-03-09 11:00:00,-40.0,4.38,88.1,0.0,8.59,354.32,0,76.9,105.16
2026-03-09 12:00:00,-42.85,3.34,45.7,2.34,0.0,386.49,0,78.2,115.77
2026-03-09 13:00:00,-46.73,2.26,59.1,0.0,0.0,420.82,0,77.4,126.12
2026-03-09 14:00:00,-42.74,0.0,38.7,0.57,0.0,413.82,0,76.4,122.89
2026-03-09 15:00:00,-46.53,0.0,72.4,1.87,3.75,422.62,0,75.8,124.68
2026-03-09 16:00:00,-41.93,4.95,70.7,4.84,0.0,733.6567926715762,1,76.3,217.72
2026-03-09 17:00:00,-43.81,2.65,18.5,10.6,3.13,435.35,0,76.8,125.69
2026-03-09 18:00:00,-46.97,6.25,20.6,1.19,14.41,431.58,0,80.2,122.92
2026-03-09 19:00:00,-43.41,3.82,69.4,0.0,1.48,363.17,0,79.9,108.5
2026-03-09 20:00:00,-45.54,8.31,64.6,8.29,42.38,365.24,0,80.0,96.44
2026-03-09 21:00:00,-43.49,12.97,61.2,5.24,300.0,308.05,0,82.0,1.04
2026-03-09 22:00:00,-43.61,12.05,63.2,0.84,297.99,290.05,0,82.2,0.73
2026-03-09 23:00:00,-45.55,10.13,47.6,1.18,152.29,260.34,0,81.2,33.02
2026-03-10 00:00:00,-44.11,12.98,51.8,0.13,294.77,266.92,0,81.5,0.0
2026-03-10 01:00:00,-39.99,12.04,13.0,0.81,297.03,230.64,0,82.2,0.0
2026-03-10 02:00:00,-41.99,13.02,56.2,0.0,300.0,229.51,0,81.9,0.0
2026-03-10 03:00:00,-41.51,11.91,46.8,0.0,300.0,227.85,0,82.7,0.2
2026-03-10 04:00:00,-42.14,11.95,84.2,0.04,284.43,206.78,0,83.4,0.06
2026-03-10 05:00:00,-39.08,12.33,62.7,8.79,300.0,215.77,0,82.9,0.0
2026-03-10 06:00:00,-35.7,7.72,9.4,0.0,53.03,233.07,0,84.5,55.16
2026-03-10 07:00:00,-42.06,6.47,81.2,0.0,22.75,261.0,0,83.7,70.7
2026-03-10 08:00:00,-40.18,4.07,73.8,0.0,9.72,285.7,0,84.1,85.64
2026-03-10 09:00:00,-37.88,2.13,63.2,5.79,0.0,291.64,0,83.5,86.16
2026-03-10 10:00:00,-41.48,2.06,61.8,4.15,9.89,708.9688745309772,1,81.8,208.46
2026-03-10 11:00:00,-41.14,5.11,36.9,0.0,0.0,377.5,0,82.2,115.19
2026-03-10 12:00:00,-44.95,1.11,37.6,0.0,0.44,414.12,0,84.1,121.82
2026-03-10 13:00:00,-42.74,4.78,39.6,4.33,0.0,414.71,0,84.1,122.83
2026-03-10 14:00:00,-44.7,3.11,57.2,0.0,0.0,404.28,0,82.6,120.85
2026-03-10 15:00:00,-42.97,0.0,36.1,4.14,0.0,411.72,0,82.8,122.09
2026-03-10 16:00:00,-43.05,5.52,59.0,0.0,0.0,405.22,0,82.0,121.79
2026-03-10 17:00:00,-40.54,6.73,72.2,3.47,30.77,394.36,0,83.0,107.83
2026-03-10 18:00:00,-44.66,2.32,84.6,2.22,0.0,410.56,0,82.8,123.9
2026-03-10 19:00:00,-45.07,7.74,44.8,0.0,45.83,353.12,0,81.0,92.62
2026-03-10 20:00:00,-45.03,5.19,62.7,0.0,0.0,342.22,0,81.5,103.15
2026-03-10 21:00:00,-45.65,9.36,66.8,2.88,99.08,321.03,0,81.7,66.18
2026-03-10 22:00:00,-43.65,6.5,80.9,0.0,23.12,275.36,0,81.4,74.38
2026-03-10 23:00:00,-44.19,5.99,14.9,5.54,12.3,275.64,0,80.4,77.54
2026-03-11 00:00:00,-42.23,11.06,12.7,0.0,214.46,240.85,0,82.2,8.15
2026-03-11 01:00:00,-39.16,12.39,70.7,1.75,300.0,237.55,0,81.7,0.0
2026-03-11 02:00:00,-43.08,11.8,26.3,0.0,278.12,218.52,0,82.6,0.89
2026-03-11 03:00:00,-38.17,9.33,52.4,0.03,114.22,211.39,0,82.2,27.1
2026-03-11 04:00:00,-37.34,11.24,40.1,0.0,221.68,207.15,0,82.8,2.52
2026-03-11 05:00:00,-39.91,12.51,18.2,0.0,290.48,185.9,0,82.9,0.0
2026-03-11 06:00:00,-43.81,10.57,67.2,0.0,177.41,229.19,0,82.9,14.68
2026-03-11 07:00:00,-40.89,10.07,85.5,0.0,145.46,268.42,0,82.1,37.51
2026-03-11 08:00:00,-37.38,6.23,33.1,0.0,7.0,281.33,0,82.6,82.93
2026-03-11 09:00:00,-40.49,10.45,31.0,0.0,167.95,310.44,0,84.0,44.79
2026-03-11 10:00:00,-43.07,2.18,32.1,6.47,10.92,365.04,0,83.0,106.08
2026-03-11 11:00:00,-42.8,6.1,71.7,0.0,9.1,376.05,0,82.2,108.76
2026-03-11 12:00:00,-40.89,7.34,15.5,7.07,18.15,406.94,0,85.1,114.25
2026-03-11 13:00:00,-42.25,4.68,79.6,0.0,0.0,366.46,0,84.1,109.03
2026-03-11 14:00:00,-44.55,2.4,48.4,0.0,16.69,446.25,0,83.6,129.61
2026-03-11 15:00:00,-45.42,1.53,31.5,0.0,11.6,417.15,0,84.9,123.08
2026-03-11 16:00:00,-45.95,6.67,90.8,3.03,16.85,424.82,0,86.4,120.17
2026-03-11 17:00:00,-47.31,0.03,43.5,0.43,6.48,436.33,0,83.9,128.76
2026-03-11 18:00:00,-42.34,2.39,41.6,2.74,2.08,356.01,0,84.7,104.73
2026-03-11 19:00:00,-46.11,5.29,42.8,0.66,15.11,374.53,0,84.5,108.47
2026-03-11 20:00:00,-42.73,11.48,14.8,0.0,242.38,328.4054325382361,1,84.3,26.22
2026-03-11 21:00:00,-41.65,10.2,75.7,1.42,145.26,305.69,0,85.5,48.88
2026-03-11 22:00:00,-42.07,7.39,32.0,10.76,45.37,304.03,0,85.2,73.95
2026-03-11 23:00:00,-44.21,10.43,32.3,0.0,156.85,484.3357061111018,1,84.7,98.13
2026-03-12 00:00:00,-41.51,10.36,73.9,10.27,164.63,246.36,0,84.3,21.83
2026-03-12 01:00:00,-41.59,10.63,51.7,4.26,182.44,237.15,0,84.0,14.86
2026-03-12 02:00:00,-42.62,15.93,79.3,1.83,300.0,240.69,0,84.3,0.3
2026-03-12 03:00:00,-39.54,8.77,18.4,2.77,80.17,217.66,0,85.7,41.69
2026-03-12 04:00:00,-42.07,17.27,46.0,0.0,298.94,233.55,0,86.1,2.13
2026-03-12 05:00:00,-37.04,14.18,74.4,0.0,296.96,201.3,0,86.1,0.0
2026-03-12 06:00:00,-40.24,13.97,35.0,0.0,292.04,248.74,0,86.6,2.15
2026-03-12 07:00:00,-39.01,8.13,42.9,10.56,54.23,264.37,0,87.4,59.37
2026-03-12 08:00:00,-39.15,7.79,62.0,0.0,54.55,298.43,0,88.0,74.03
2026-03-12 09:00:00,-40.71,2.64,15.1,0.0,0.0,294.76,0,87.3,87.93
2026-03-12 10:00:00,-39.64,4.13,65.6,0.0,11.84,350.91,0,87.7,100.69
2026-03-12 11:00:00,-42.49,6.12,27.4,0.0,18.35,354.28,0,85.6,102.0
2026-03-12 12:00:00,-40.57,7.68,72.9,0.0,46.0,417.53,0,87.1,111.41
2026-03-12 13:00:00,-45.78,0.0,16.5,4.08,0.0,400.62,0,88.7,120.25
2026-03-12 14:00:00,-43.56,1.91,82.8,0.0,0.0,399.77,0,89.6,120.68
2026-03-12 15:00:00,-40.56,2.66,92.8,1.56,13.45,407.32,0,50.8,118.1
2026-03-12 16:00:00,-46.91,0.0,52.4,0.0,6.35,443.05,0,50.7,131.56
2026-03-12 17:00:00,-46.57,6.08,66.7,6.5,10.91,421.64,0,90.0,122.36
2026-03-12 18:00:00,-44.29,3.13,34.9,1.97,13.59,418.77,0,88.7,121.89
2026-03-12 19:00:00,-44.85,5.89,12.3,0.0,14.97,370.04,0,89.7,106.12
2026-03-12 20:00:00,-44.21,6.41,34.7,0.0,4.95,341.16,0,89.0,101.29
2026-03-12 21:00:00,-43.46,6.7,7.0,2.27,17.43,309.36,0,88.6,88.4
2026-03-12 22:00:00,-42.55,10.27,40.2,0.0,163.94,283.87,0,88.8,36.02
2026-03-12 23:00:00,-40.87,10.72,29.9,0.73,201.4,241.65,0,88.8,11.36
2026-03-13 00:00:00,-41.24,11.09,80.5,0.0,236.78,233.28,0,89.1,0.0
2026-03-13 01:00:00,-41.77,10.58,15.2,4.33,179.43,210.55,0,87.3,8.89
2026-03-13 02:00:00,-39.21,13.95,64.9,2.2,300.0,221.82,0,87.0,0.0
2026-03-13 03:00:00,-36.14,17.85,66.3,0.0,295.11,220.62,0,87.8,0.36
2026-03-13 04:00:00,-39.73,12.86,23.2,0.09,292.9,215.92,0,87.4,0.0
2026-03-13 05:00:00,-41.11,14.69,72.4,0.0,286.51,216.62,0,86.6,1.17
2026-03-13 06:00:00,-36.85,6.53,78.4,7.34,21.22,241.0,0,87.5,63.88
2026-03-13 07:00:00,-39.4,9.99,46.3,14.81,150.66,257.61,0,87.1,29.07
2026-03-13 08:00:00,-43.81,4.94,22.4,0.0,9.21,310.77,0,87.3,91.86
2026-03-13 09:00:00,-38.24,2.5,37.0,0.24,0.7,290.54,0,87.1,86.79
2026-03-13 10:00:00,-41.63,3.49,31.8,5.08,9.84,327.63,0,87.1,95.15
2026-03-13 11:00:00,-41.46,8.21,47.8,5.05,81.8,375.27,0,88.6,86.19
2026-03-13 12:00:00,-41.4,6.64,52.2,0.89,13.19,384.61,0,89.2,111.43
2026-03-13 13:00:00,-42.45,3.97,36.5,0.0,0.0,417.86,0,87.9,124.58
2026-03-13 14:00:00,-42.14,0.0,38.5,9.09,2.74,400.13,0,87.6,117.08
2026-03-13 15:00:00,-45.05,2.53,52.6,3.41,8.66,431.65,0,87.2,126.18
2026-03-13 16:00:00,-43.63,4.46,80.0,1.1,0.0,425.68,0,87.4,127.89
2026-03-13 17:00:00,-45.48,4.83,35.6,0.0,9.18,389.99,0,88.3,112.88
2026-03-13 18:00:00,-43.58,0.0,51.9,0.29,0.0,391.4,0,88.3,115.34
2026-03-13 19:00:00,-43.73,3.81,52.4,0.0,2.91,340.95,0,88.3,100.28
2026-03-13 20:00:00,-46.53,7.57,30.5,3.7,31.93,377.52,0,86.1,103.07
2026-03-13 21:00:00,-42.01,10.67,71.4,4.92,177.84,296.27,0,87.4,34.73
2026-03-13 22:00:00,-44.63,3.7,71.0,1.15,0.0,295.17,0,87.2,89.34
2026-03-13 23:00:00,-41.22,10.88,64.8,0.0,206.7,263.59,0,87.5,16.66
2026-03-14 00:00:00,-41.07,12.64,29.9,2.26,295.01,208.07,0,87.8,0.21
2026-03-14 01:00:00,-37.35,15.31,28.2,3.94,300.0,223.19,0,87.0,0.0
2026-03-14 02:00:00,-40.75,15.07,87.9,0.0,300.0,185.28,0,86.7,1.37
2026-03-14 03:00:00,-40.38,14.63,15.1,4.67,290.56,187.09,0,86.0,0.0
2026-03-14 04:00:00,-39.24,10.04,56.0,2.62,144.19,180.78,0,87.3,11.37
2026-03-14 05:00:00,-39.51,5.97,17.7,0.0,12.68,191.46,0,85.1,53.38
2026-03-14 06:00:00,-37.2,9.52,55.1,0.0,122.56,209.25,0,84.2,27.58
2026-03-14 07:00:00,-42.14,12.53,65.0,0.0,300.0,256.97,0,83.8,0.18
2026-03-14 08:00:00,-41.31,12.42,19.9,0.0,291.84,270.45,0,85.3,0.16
2026-03-14 09:00:00,-41.82,9.07,38.6,1.3,94.88,284.08,0,86.1,55.62
2026-03-14 10:00:00,-38.4,7.0,16.1,2.79,8.6,310.99,0,84.4,92.05
2026-03-14 11:00:00,-37.61,5.77,4.4,5.84,15.56,312.32,0,84.3,88.27
2026-03-14 12:00:00,-42.01,2.12,74.1,1.49,8.78,384.49,0,85.0,112.78
2026-03-14 13:00:00,-42.92,2.85,34.9,1.96,0.0,377.77,0,87.2,112.98
2026-03-14 14:00:00,-43.16,8.01,89.0,0.0,49.04,389.29,0,86.9,101.41
2026-03-14 15:00:00,-41.6,0.29,44.6,0.0,0.0,365.61,0,85.7,110.36
2026-03-14 16:00:00,-46.26,8.4,67.2,0.0,62.07,397.77,0,86.0,100.64
2026-03-14 17:00:00,-44.22,3.34,85.6,7.14,0.0,414.5,0,86.0,122.27
2026-03-14 18:00:00,-42.85,9.27,39.3,3.17,101.09,378.43,0,86.5,83.14
2026-03-14 19:00:00,-43.7,2.26,65.4,2.04,7.9,367.73,0,87.2,107.62
2026-03-14 20:00:00,-44.02,9.52,68.4,0.0,111.55,329.69,0,87.5,65.46
2026-03-14 21:00:00,-41.92,6.85,30.3,1.56,15.58,256.46,0,88.0,73.23
2026-03-14 22:00:00,-48.71,6.05,34.2,0.0,10.09,291.29,0,89.6,83.54
2026-03-14 23:00:00,-41.22,12.02,3.9,0.0,297.97,246.68,0,89.3,0.0
2026-03-15 00:00:00,-42.85,15.24,61.9,0.0,299.31,241.27,0,88.1,0.0
2026-03-15 01:00:00,-44.43,10.23,59.1,0.0,150.5,216.14,0,88.4,19.84
2026-03-15 02:00:00,-39.02,8.5,59.5,4.17,71.37,178.89,0,87.2,31.7
2026-03-15 03:00:00,-36.68,12.61,51.6,1.13,300.0,178.55,0,86.0,0.0
2026-03-15 04:00:00,-39.22,12.18,49.9,0.0,289.85,185.93,0,85.2,3.69
2026-03-15 05:00:00,-36.74,13.34,31.0,0.0,300.0,201.47,0,84.0,0.18
2026-03-15 06:00:00,-35.32,13.55,77.8,2.49,300.0,203.79,0,85.1,0.15
2026-03-15 07:00:00,-36.02,9.34,65.3,3.49,101.4,213.21,0,85.2,31.21
2026-03-15 08:00:00,-35.67,13.8,96.4,0.67,300.0,259.63,0,85.9,0.0
2026-03-15 09:00:00,-37.94,7.61,72.9,0.0,39.83,272.74,0,86.4,68.09
2026-03-15 10:00:00,-39.9,4.67,44.8,0.0,0.0,310.84,0,86.2,94.62
2026-03-15 11:00:00,-43.97,0.0,72.5,11.9,0.0,344.95,0,87.1,101.13
2026-03-15 12:00:00,-42.04,3.0,28.8,0.0,6.28,370.39,0,86.7,109.23
2026-03-15 13:00:00,-44.01,2.23,38.0,1.87,5.54,368.06,0,86.5,106.98
2026-03-15 14:00:00,-38.7,5.89,10.0,10.6,22.45,383.17,0,85.8,104.76
2026-03-15 15:00:00,-44.02,4.5,21.8,0.0,6.75,327.2745462962963,1,87.2,97.58
2026-03-15 16:00:00,-43.9,0.02,72.8,9.17,0.0,399.73,0,87.1,116.66
2026-03-15 17:00:00,-43.34,4.82,57.3,0.0,6.34,376.61,0,87.7,110.18
2026-03-15 18:00:00,-44.46,7.31,30.5,0.0,33.52,368.61,0,87.1,100.15
2026-03-15 19:00:00,-41.05,11.06,86.1,0.0,212.82,347.59,0,87.9,40.14
2026-03-15 20:00:00,-45.39,10.43,30.3,0.0,164.4,340.46,0,88.7,53.56
2026-03-15 21:00:00,-43.28,11.35,43.8,0.0,225.8,322.4,0,87.1,26.77
2026-03-15 22:00:00,-44.53,10.47,59.1,0.0,165.6,253.32,0,87.1,26.49
2026-03-15 23:00:00,-44.96,12.53,25.0,4.95,299.84,258.83,0,87.2,0.0
2026-03-16 00:00:00,-42.51,15.96,52.1,0.0,278.35,249.6,0,86.9,0.0
2026-03-16 01:00:00,-40.59,8.76,65.5,0.0,74.52,224.17,0,88.3,45.65
2026-03-16 02:00:00,-40.65,11.95,47.2,6.85,300.0,220.69,0,87.1,0.0
2026-03-16 03:00:00,-40.55,10.57,21.0,0.0,189.26,208.21,0,86.6,5.86
2026-03-16 04:00:00,-41.5,13.58,62.2,3.09,295.78,202.93,0,85.8,0.48
2026-03-16 05:00:00,-38.56,15.39,36.9,0.0,295.48,222.28,0,86.8,0.58
2026-03-16 06:00:00,-41.3,8.91,73.8,0.0,79.19,252.93,0,85.8,52.83
2026-03-16 07:00:00,-36.87,2.35,59.6,0.0,0.0,249.9,0,84.0,75.54
2026-03-16 08:00:00,-38.53,7.0,80.4,6.05,35.48,295.6,0,84.4,76.94
2026-03-16 09:00:00,-42.08,9.68,72.0,0.0,135.7,312.68,0,84.2,52.21
2026-03-16 10:00:00,-40.41,7.32,54.7,0.0,0.0,344.02,1,85.3,104.57
2026-03-16 11:00:00,-42.02,5.92,55.3,1.36,3.75,342.33,0,86.1,99.98
2026-03-16 12:00:00,-40.65,2.95,52.1,2.16,0.0,416.3,0,86.1,124.61
2026-03-16 13:00:00,-39.39,0.0,21.2,0.0,0.0,391.36,0,84.6,116.73
2026-03-16 14:00:00,-46.54,4.55,81.2,0.0,0.0,418.89,0,83.4,123.95
2026-03-16 15:00:00,-43.18,0.61,76.3,5.43,2.87,415.55,0,81.6,121.6
2026-03-16 16:00:00,-44.21,10.11,69.3,0.0,153.22,404.99,0,81.5,75.41
2026-03-16 17:00:00,-42.84,6.01,67.8,1.71,15.64,387.59,0,80.8,112.46
2026-03-16 18:00:00,-43.86,3.56,44.2,0.0,0.0,392.91,0,80.7,119.69
2026-03-16 19:00:00,-45.69,4.65,19.0,7.01,1.64,378.78,0,80.8,110.91
2026-03-16 20:00:00,-44.53,7.49,31.8,2.9,23.68,642.5884771582347,1,82.7,183.41
2026-03-16 21:00:00,-45.0,8.35,75.3,4.4,76.91,324.49,0,83.3,71.65
2026-03-16 22:00:00,-40.64,13.64,28.1,0.0,297.16,284.79,0,83.4,0.77
2026-03-16 23:00:00,-42.02,11.92,31.4,4.12,281.14,248.01,0,81.8,0.71
2026-03-17 00:00:00,-37.23,10.01,13.2,3.99,137.4,223.67,0,81.8,24.08
2026-03-17 01:00:00,-40.38,18.43,30.7,2.6,300.0,226.96,0,82.7,0.0
2026-03-17 02:00:00,-40.95,13.14,67.4,0.0,300.0,208.18,0,83.1,0.99
2026-03-17 03:00:00,-41.94,15.19,23.7,0.81,300.0,220.2,0,82.1,0.0
2026-03-17 04:00:00,-42.04,10.62,7.9,0.0,182.58,217.5,0,81.7,10.03
2026-03-17 05:00:00,-41.3,12.79,24.2,8.8,297.33,225.15,0,81.8,0.47
2026-03-17 06:00:00,-37.5,11.63,77.6,0.0,269.98,234.9,0,81.4,0.0
2026-03-17 07:00:00,-37.12,3.85,28.4,0.0,5.51,258.64,0,80.7,76.89
2026-03-17 08:00:00,-41.6,14.28,64.2,0.0,300.0,299.54,0,78.6,2.38
2026-03-17 09:00:00,-37.12,10.81,61.9,3.36,202.52,331.11,0,77.8,37.68
2026-03-17 10:00:00,-40.5,4.52,10.0,2.65,0.0,350.34,0,78.1,104.27
2026-03-17 11:00:00,-39.96,1.33,4.1,0.0,0.0,337.67,0,79.0,101.35
2026-03-17 12:00:00,-37.81,4.84,49.5,0.0,0.0,357.88,0,79.0,107.59
2026-03-17 13:00:00,-40.01,3.5,84.2,0.0,11.17,392.51,0,80.1,113.67
2026-03-17 14:00:00,-43.07,4.07,15.1,2.3,0.0,404.36,0,80.0,119.49
2026-03-17 15:00:00,-44.94,3.69,36.9,1.26,11.3,430.68,0,79.1,125.08
2026-03-17 16:00:00,-47.93,5.08,50.7,0.0,0.0,437.83,0,78.7,131.5
2026-03-17 17:00:00,-45.37,8.64,44.5,0.0,76.25,405.46,0,79.2,97.76
2026-03-17 18:00:00,-44.45,7.0,8.5,0.0,26.78,411.91,0,78.9,114.19
2026-03-17 19:00:00,-45.9,3.33,36.4,4.82,0.0,399.51,0,78.3,117.97
2026-03-17 20:00:00,-43.89,11.85,42.0,0.0,289.09,320.37,0,76.7,8.05
2026-03-17 21:00:00,-43.0,13.99,61.4,0.0,300.0,297.57,0,75.8,0.67
2026-03-17 22:00:00,-42.98,19.75,69.3,0.0,300.0,309.52,0,75.4,0.0
2026-03-17 23:00:00,-43.11,7.99,37.8,4.97,57.07,282.38,0,74.8,64.93
2026-03-18 00:00:00,-40.44,12.94,60.6,2.91,290.32,248.15,0,73.8,1.41
2026-03-18 01:00:00,-39.11,6.52,42.5,0.0,0.0,220.89,1,75.4,66.05
2026-03-18 02:00:00,-41.46,14.65,61.6,3.46,300.0,216.24,0,76.0,0.18
2026-03-18 03:00:00,-35.83,11.24,49.6,0.0,222.26,205.54,0,78.2,0.0
2026-03-18 04:00:00,-38.37,18.21,68.5,0.0,300.0,211.16,0,76.6,0.0
2026-03-18 05:00:00,-37.84,9.37,67.4,0.0,107.44,236.53,0,76.9,39.82
2026-03-18 06:00:00,-36.36,5.63,62.0,5.13,18.04,218.15,0,76.5,57.92
2026-03-18 07:00:00,-37.41,8.11,80.0,1.87,58.99,252.5,0,76.5,56.66
2026-03-18 08:00:00,-36.27,2.31,27.6,3.25,0.0,286.28,0,78.3,85.57
2026-03-18 09:00:00,-38.08,9.19,36.7,0.0,114.09,306.71,0,76.6,55.86
2026-03-18 10:00:00,-40.5,0.0,38.2,3.72,6.59,347.48,0,76.0,100.87
2026-03-18 11:00:00,-39.27,4.72,18.6,0.0,6.53,367.69,0,75.3,107.83
2026-03-18 12:00:00,-43.06,0.0,48.9,0.0,0.0,383.52,0,74.7,114.75
2026-03-18 13:00:00,-41.33,2.28,48.9,0.0,0.0,385.28,0,72.6,115.1
2026-03-18 14:00:00,-42.34,7.94,43.9,0.0,47.53,402.4,0,73.9,106.84
2026-03-18 15:00:00,-43.31,4.2,18.8,3.55,0.0,403.67,0,75.2,121.14
2026-03-18 16:00:00,-43.63,0.97,66.5,0.0,0.0,389.64,0,75.8,117.35
2026-03-18 17:00:00,-47.44,4.21,44.6,0.0,7.14,435.3,0,74.5,128.11
2026-03-18 18:00:00,-44.87,5.35,73.5,0.0,13.2,367.03,0,74.7,106.78
2026-03-18 19:00:00,-43.49,7.9,18.1,3.49,45.68,398.39,0,75.6,105.51
2026-03-18 20:00:00,-43.05,3.66,39.5,0.0,23.61,337.12,0,76.0,94.41
2026-03-18 21:00:00,-44.95,10.84,62.4,0.0,208.5,320.67,0,75.9,34.7
2026-03-18 22:00:00,-39.74,2.18,83.7,7.01,0.0,260.61,0,77.3,73.73
2026-03-18 23:00:00,-43.28,9.48,65.3,0.0,121.11,275.61,0,76.6,46.38
2026-03-19 00:00:00,-38.58,10.74,86.2,3.58,186.18,231.12,0,76.5,12.72
2026-03-19 01:00:00,-38.89,14.66,97.3,2.14,300.0,220.98,0,77.1,0.0
2026-03-19 02:00:00,-40.31,13.06,77.0,0.0,297.12,202.53,0,77.4,0.22
2026-03-19 03:00:00,-34.84,8.67,42.2,0.0,65.32,318.7679062140883,1,78.0,76.95
2026-03-19 04:00:00,-40.31,9.49,87.6,0.0,116.75,201.98,0,78.5,25.35
2026-03-19 05:00:00,-35.78,12.29,30.2,0.0,299.95,211.92,0,79.0,0.66
2026-03-19 06:00:00,-35.52,10.46,40.8,2.41,171.39,232.78,0,78.7,18.72
2026-03-19 07:00:00,-38.96,7.78,77.4,3.35,44.73,278.65,0,78.0,70.51
2026-03-19 08:00:00,-35.13,6.79,63.2,0.0,15.22,281.6,0,78.1,81.08
2026-03-19 09:00:00,-38.9,9.02,42.8,0.0,102.49,308.05,0,79.6,63.03
2026-03-19 10:00:00,-38.44,4.15,19.1,0.04,2.62,331.08,0,79.6,98.03
2026-03-19 11:00:00,-39.22,4.37,48.8,0.39,0.0,362.36,0,80.2,108.2
2026-03-19 12:00:00,-40.78,10.3,59.4,0.0,149.62,394.55,0,80.3,71.01
2026-03-19 13:00:00,-39.67,0.0,32.3,8.19,11.23,384.45,0,82.3,108.44
2026-03-19 14:00:00,-40.43,0.0,44.7,3.39,7.34,421.43,0,82.2,124.43
2026-03-19 15:00:00,-46.13,5.47,78.3,0.37,6.21,414.34,0,82.8,121.72
2026-03-19 16:00:00,-40.51,1.52,73.0,0.0,0.0,414.97,0,82.1,124.89
2026-03-19 17:00:00,-46.74,3.35,19.2,0.0,13.29,424.94,0,81.0,123.74
2026-03-19 18:00:00,-41.45,2.96,25.3,1.99,0.0,374.99,0,81.0,113.14
2026-03-19 19:00:00,-41.16,5.7,26.0,0.0,2.73,340.34,0,82.1,99.26
2026-03-19 20:00:00,-45.3,12.56,21.7,0.67,299.61,347.81,0,82.8,14.61
2026-03-19 21:00:00,-43.46,11.47,69.3,0.0,253.06,280.93,0,80.7,8.7
2026-03-19 22:00:00,-44.23,12.88,25.1,0.0,298.65,294.13,0,81.4,0.0
2026-03-19 23:00:00,-41.72,7.12,73.2,0.0,1.68,246.44,0,79.9,74.39
2026-03-20 00:00:00,-40.87,8.75,45.8,4.84,80.23,288.6,0,80.7,59.66
2026-03-20 01:00:00,-37.92,4.25,43.1,0.0,8.18,233.04,0,81.3,68.52
2026-03-20 02:00:00,-36.14,10.57,29.3,0.0,171.39,202.91,0,81.1,7.3
2026-03-20 03:00:00,-35.35,15.76,61.7,2.22,300.0,216.04,0,81.8,0.0
2026-03-20 04:00:00,-38.78,13.99,65.2,0.0,300.0,220.32,0,81.6,0.0
2026-03-20 05:00:00,-37.78,11.03,13.5,0.0,216.83,199.28,0,81.7,0.22
2026-03-20 06:00:00,-40.63,10.63,79.7,0.0,174.68,231.8,0,80.3,15.27
2026-03-20 07:00:00,-38.97,7.45,30.1,0.0,38.49,272.35,0,80.0,71.2
2026-03-20 08:00:00,-35.73,8.85,46.5,0.0,85.23,256.9,0,81.0,52.25
2026-03-20 09:00:00,-34.91,9.23,93.5,6.95,98.85,300.66,0,79.6,60.36
2026-03-20 10:00:00,-41.23,0.86,9.5,0.0,7.13,349.69,0,80.4,103.47
2026-03-20 11:00:00,-40.67,5.53,47.8,2.69,3.78,358.1,0,78.4,104.75
2026-03-20 12:00:00,-40.31,6.59,47.8,0.0,16.87,383.93,0,77.2,109.05
2026-03-20 13:00:00,-40.47,1.99,42.7,1.8,0.0,410.49,0,76.9,122.19
2026-03-20 14:00:00,-43.38,5.11,74.2,7.53,0.26,428.49,0,77.1,128.39
2026-03-20 15:00:00,-41.53,11.56,37.1,0.71,256.92,421.31,0,76.5,49.15
2026-03-20 16:00:00,-43.8,3.24,34.4,0.0,0.0,417.8,0,75.9,125.43
2026-03-20 17:00:00,-43.18,5.48,92.4,6.16,4.43,414.95,0,77.0,122.69
2026-03-20 18:00:00,-42.17,3.08,60.1,1.74,7.39,356.9,0,78.2,103.17
2026-03-20 19:00:00,-43.14,7.02,5.6,0.77,38.76,391.55,0,77.8,106.14
2026-03-20 20:00:00,-43.73,9.14,51.2,0.0,85.0,345.08,0,77.4,78.54
2026-03-20 21:00:00,-42.6,9.65,74.1,1.82,132.86,306.78,0,77.1,52.59
2026-03-20 22:00:00,-41.93,7.23,72.8,0.0,36.54,298.9,0,79.3,79.56
2026-03-20 23:00:00,-41.77,11.98,61.5,1.56,290.86,273.88,0,79.3,0.0
2026-03-21 00:00:00,-40.52,16.59,25.2,0.24,297.36,206.2,0,80.9,0.0
2026-03-21 01:00:00,-36.03,14.11,63.2,5.42,300.0,192.5,0,81.6,0.0
2026-03-21 02:00:00,-37.38,15.88,26.1,0.0,286.76,186.11,0,81.5,0.84
2026-03-21 03:00:00,-38.47,12.17,20.0,0.0,299.31,184.99,0,80.9,1.85
2026-03-21 04:00:00,-36.01,14.69,27.4,3.99,300.0,205.8,0,81.7,0.0
2026-03-21 05:00:00,-37.77,12.54,74.6,0.0,294.05,196.41,0,80.9,0.0
2026-03-21 06:00:00,-34.65,7.85,39.9,0.0,35.11,201.29,0,80.5,48.28
2026-03-21 07:00:00,-36.36,10.48,23.9,0.0,173.82,218.87,0,81.1,12.75
2026-03-21 08:00:00,-37.62,5.26,75.4,0.0,22.42,244.61,0,80.9,67.6
2026-03-21 09:00:00,-36.98,5.04,60.6,3.35,0.0,286.82,0,80.5,86.36
2026-03-21 10:00:00,-41.64,6.28,30.4,9.18,9.03,313.75,0,80.2,86.58
2026-03-21 11:00:00,-41.48,5.53,17.8,0.0,5.06,341.62,0,79.5,99.76
2026-03-21 12:00:00,-42.39,0.22,38.5,0.0,12.56,370.85,0,80.0,106.09
2026-03-21 13:00:00,-40.49,6.4,56.0,0.0,2.96,379.03,0,80.0,111.95
2026-03-21 14:00:00,-38.03,4.72,50.4,0.25,8.25,382.71,0,78.6,112.04
2026-03-21 15:00:00,-37.66,1.0,79.1,0.0,0.0,384.95,0,78.2,115.09
2026-03-21 16:00:00,-41.32,0.0,76.2,0.0,0.0,399.92,0,77.8,120.49
2026-03-21 17:00:00,-41.9,3.87,69.4,0.0,0.0,421.92,1,77.4,124.65
2026-03-21 18:00:00,-46.6,3.96,81.9,0.0,0.0,398.95,0,78.0,119.16
2026-03-21 19:00:00,-43.98,6.82,38.0,4.09,15.09,346.51,0,77.3,99.57
2026-03-21 20:00:00,-44.17,6.67,38.2,0.47,16.0,346.62,0,80.0,100.45
2026-03-21 21:00:00,-43.36,3.04,63.6,3.38,0.0,284.27,0,81.4,85.93
2026-03-21 22:00:00,-41.84,9.13,42.0,0.0,80.92,261.14,0,82.8,54.46
2026-03-21 23:00:00,-41.72,10.45,41.7,7.22,172.86,255.76,0,81.8,22.05
2026-03-22 00:00:00,-43.7,14.11,76.0,0.0,300.0,240.53,0,79.7,0.17
2026-03-22 01:00:00,-37.47,10.67,91.9,2.38,211.52,204.83,0,79.4,2.53
2026-03-22 02:00:00,-40.39,18.03,55.4,0.0,300.0,185.72,0,79.7,0.0
2026-03-22 03:00:00,-37.14,7.15,56.3,0.0,25.3,172.67,0,79.5,46.04
2026-03-22 04:00:00,-33.0,16.38,37.7,2.16,284.13,174.37,0,79.0,0.0
2026-03-22 05:00:00,-38.68,11.03,62.1,3.0,217.4,195.65,0,77.2,0.57
2026-03-22 06:00:00,-41.8,13.28,37.7,13.44,288.38,238.01,0,76.6,0.65
2026-03-22 07:00:00,-37.42,9.76,59.4,3.98,120.67,228.1,0,76.3,31.41
2026-03-22 08:00:00,-34.94,11.65,71.5,4.41,273.43,244.34,0,75.8,0.44
2026-03-22 09:00:00,-33.7,5.77,46.4,8.19,11.1,246.71,0,75.3,68.75
2026-03-22 10:00:00,-40.7,2.41,84.1,4.5,0.0,331.11,0,74.5,98.55
2026-03-22 11:00:00,-37.97,8.9,46.4,3.17,70.87,338.75,0,76.2,79.08
2026-03-22 12:00:00,-40.67,3.45,25.1,5.89,1.74,328.43,0,76.9,95.97
2026-03-22 13:00:00,-40.73,3.9,47.3,7.61,2.99,385.47,0,77.9,111.1
2026-03-22 14:00:00,-35.95,6.71,47.4,9.94,33.05,368.42,0,78.1,98.36
2026-03-22 15:00:00,-44.87,0.02,55.4,0.0,0.0,416.25,0,76.8,126.18
2026-03-22 16:00:00,-41.83,5.34,85.3,0.0,6.22,390.51,0,77.5,117.03
2026-03-22 17:00:00,-41.7,2.53,22.8,7.87,7.33,369.64,0,78.9,105.51
2026-03-22 18:00:00,-40.57,4.9,51.7,0.0,0.0,388.36,0,80.4,114.78
2026-03-22 19:00:00,-42.44,6.7,71.5,0.0,8.07,370.9,0,81.0,109.23
2026-03-22 20:00:00,-41.72,3.26,60.6,0.0,0.0,318.26,0,81.0,94.32
2026-03-22 21:00:00,-42.65,6.73,34.2,9.01,21.66,303.54,0,81.0,82.43
2026-03-22 22:00:00,-40.7,14.35,39.0,4.39,296.1,259.33,0,81.5,0.0
2026-03-22 23:00:00,-41.2,14.02,86.6,0.0,300.0,218.0,0,79.9,1.09
2026-03-23 00:00:00,-38.24,12.02,45.6,0.0,300.0,253.77,0,80.5,0.15
2026-03-23 01:00:00,-39.45,13.49,40.0,0.27,296.81,209.78,0,80.0,0.0
2026-03-23 02:00:00,-37.23,12.11,54.4,4.3,300.0,224.2,0,82.2,0.3
2026-03-23 03:00:00,-37.42,16.96,55.2,0.0,299.07,212.72,0,81.9,0.09
2026-03-23 04:00:00,-34.63,11.84,10.4,0.0,286.99,201.6,0,82.1,0.52
2026-03-23 05:00:00,-36.69,12.39,43.7,5.68,299.06,212.85,0,82.3,0.8
2026-03-23 06:00:00,-40.03,14.14,10.3,0.0,300.0,249.9,0,81.6,0.0
2026-03-23 07:00:00,-34.06,7.19,20.0,1.34,34.58,228.22,0,82.0,57.22
2026-03-23 08:00:00,-38.7,12.91,39.3,6.7,300.0,300.23,0,82.4,0.0
2026-03-23 09:00:00,-38.67,2.34,69.8,0.0,0.03,308.16,0,83.4,92.14
2026-03-23 10:00:00,-39.17,10.6,50.2,8.17,154.0,355.82,0,84.1,57.74
2026-03-23 11:00:00,-35.96,3.52,22.6,10.45,4.82,346.05,0,84.3,100.29
2026-03-23 12:00:00,-43.76,3.06,74.9,0.0,0.0,394.13,0,83.5,116.51
2026-03-23 13:00:00,-33.98,0.0,30.6,0.0,0.0,382.5,0,82.7,114.46
2026-03-23 14:00:00,-38.87,1.64,58.9,2.43,0.0,411.84,0,84.4,122.61
2026-03-23 15:00:00,-41.16,0.0,30.8,6.64,13.59,440.64,0,84.4,126.01
2026-03-23 16:00:00,-42.19,1.73,55.9,4.57,3.34,406.59,0,86.5,118.63
2026-03-23 17:00:00,-41.81,3.89,82.4,9.65,0.0,400.11,0,85.7,119.28
2026-03-23 18:00:00,-41.44,8.17,52.3,0.92,68.22,384.74,0,87.9,95.66
2026-03-23 19:00:00,-41.09,7.1,32.1,0.0,32.62,328.54,0,87.0,90.99
2026-03-23 20:00:00,-40.97,8.69,38.3,0.0,76.81,330.47,0,86.5,76.74
2026-03-23 21:00:00,-41.43,5.78,47.0,0.0,12.0,306.94,0,87.0,89.24
2026-03-23 22:00:00,-41.38,7.65,48.1,0.0,38.32,327.83,0,88.0,86.85
2026-03-23 23:00:00,-40.56,16.76,15.4,7.04,290.08,265.56,0,88.6,1.56
2026-03-24 00:00:00,-39.62,10.0,28.2,2.3,148.84,245.55,0,86.7,28.89
2026-03-24 01:00:00,-36.18,17.73,79.2,0.0,299.43,189.91,0,86.1,0.0
2026-03-24 02:00:00,-36.54,12.27,56.4,2.96,285.93,202.09,0,85.0,1.85
2026-03-24 03:00:00,-42.99,12.89,7.9,0.0,300.0,233.01,0,83.6,0.0
2026-03-24 04:00:00,-35.32,15.65,27.9,0.0,300.0,237.12,0,83.6,0.0
2026-03-24 05:00:00,-35.94,15.51,55.4,0.0,300.0,200.95,0,81.5,2.81
2026-03-24 06:00:00,-36.26,10.37,27.5,2.29,166.89,200.84,0,82.5,10.17
2026-03-24 07:00:00,-37.1,8.36,61.6,6.14,53.92,239.67,0,83.2,51.25
2026-03-24 08:00:00,-34.38,8.07,61.8,12.98,39.31,255.69,0,84.9,62.04
2026-03-24 09:00:00,-35.21,7.95,4.9,12.28,60.03,284.2,0,83.8,62.54
2026-03-24 10:00:00,-39.27,8.38,42.9,16.12,63.57,347.3,0,82.8,79.71
2026-03-24 11:00:00,-37.64,4.65,21.6,15.85,0.0,358.06,0,83.9,105.21
2026-03-24 12:00:00,-41.17,5.65,23.8,17.59,1.9,367.29,0,85.0,106.0
2026-03-24 13:00:00,-42.76,8.15,95.3,10.49,66.6,426.13,0,86.4,106.71
2026-03-24 14:00:00,-41.98,4.15,31.1,12.93,4.4,440.93,0,87.5,126.47
2026-03-24 15:00:00,-39.62,4.05,20.3,14.77,9.25,383.28,0,87.7,107.49
2026-03-24 16:00:00,-39.92,0.0,59.3,1.04,1.96,424.02,0,87.3,126.52
2026-03-24 17:00:00,-41.1,0.0,75.0,0.0,0.0,397.35,0,88.0,120.07
2026-03-24 18:00:00,-40.78,6.46,20.0,3.25,31.34,768.3061001515024,1,87.6,219.77
2026-03-24 19:00:00,-41.09,6.2,31.9,1.87,10.36,341.44,0,87.7,100.64
2026-03-24 20:00:00,-43.11,6.22,56.2,0.0,20.17,338.42,0,87.3,95.97
2026-03-24 21:00:00,-40.48,9.8,80.9,0.0,138.07,303.61,0,87.5,51.15
2026-03-24 22:00:00,-39.12,10.11,60.3,0.65,147.96,283.69,0,88.8,39.74
2026-03-24 23:00:00,-38.49,14.75,37.1,3.58,291.09,287.66,0,88.4,0.0
2026-03-25 00:00:00,-36.59,12.47,14.2,2.6,294.57,221.44,0,87.9,0.25
2026-03-25 01:00:00,-36.77,10.52,33.4,0.0,180.42,192.61,0,87.8,3.2
2026-03-25 02:00:00,-36.77,15.96,42.4,0.0,300.0,198.76,0,86.7,1.05
2026-03-25 03:00:00,-34.71,12.23,66.0,3.35,300.0,209.76,0,87.3,1.07
2026-03-25 04:00:00,-36.42,14.02,65.0,0.36,300.0,198.95,0,87.4,0.0
2026-03-25 05:00:00,-37.83,10.27,66.8,5.3,150.5,226.66,0,87.4,21.92
2026-03-25 06:00:00,-36.29,8.75,49.9,0.0,89.78,230.71,0,87.7,44.32
2026-03-25 07:00:00,-37.56,9.77,19.3,8.32,119.48,253.6,0,86.3,38.78
2026-03-25 08:00:00,-37.72,8.27,72.5,4.88,64.99,301.09,0,87.7,70.02
2026-03-25 09:00:00,-37.14,8.37,30.2,7.9,83.1,286.9,0,87.1,60.07
2026-03-25 10:00:00,-39.05,4.9,48.5,16.45,5.32,317.42,0,86.8,90.38
2026-03-25 11:00:00,-38.81,0.0,82.2,3.5,0.0,342.8,0,87.6,103.31
2026-03-25 12:00:00,-42.76,2.49,88.5,8.22,0.0,394.17,0,88.2,115.71
2026-03-25 13:00:00,-39.32,5.62,88.7,8.45,24.8,395.36,0,50.2,109.54
2026-03-25 14:00:00,-40.47,2.11,30.1,13.51,0.0,418.65,0,89.3,121.24
2026-03-25 15:00:00,-42.72,2.38,27.6,16.73,10.62,417.02,0,88.3,116.85
2026-03-25 16:00:00,-40.25,6.52,91.6,6.57,10.3,404.41,0,87.1,116.74
2026-03-25 17:00:00,-39.99,2.17,52.7,5.64,0.0,401.51,0,87.3,117.31
2026-03-25 18:00:00,-45.18,0.67,54.6,0.34,0.0,421.7,0,87.0,126.78
2026-03-25 19:00:00,-43.39,6.0,7.5,9.28,26.72,352.74,0,86.3,94.33
2026-03-25 20:00:00,-43.1,6.31,70.4,7.32,12.48,331.38,0,86.2,92.29
2026-03-25 21:00:00,-42.97,6.17,43.1,4.6,0.0,319.53,0,85.2,95.27
2026-03-25 22:00:00,-38.81,9.77,70.0,3.78,146.75,311.04,0,86.8,47.89
2026-03-25 23:00:00,-40.13,12.84,36.1,0.0,300.0,244.32,0,86.1,0.22
2026-03-26 00:00:00,-39.24,12.18,38.1,0.0,300.0,236.86,0,85.5,0.0
2026-03-26 01:00:00,-41.94,13.68,65.2,3.18,287.15,216.06,0,83.1,0.0
2026-03-26 02:00:00,-35.94,18.43,48.0,5.26,300.0,207.2,0,81.5,0.12
2026-03-26 03:00:00,-39.07,11.86,51.1,4.46,286.37,176.25,0,80.9,0.0
2026-03-26 04:00:00,-35.99,13.28,31.8,2.9,292.27,185.83,0,80.6,0.0
2026-03-26 05:00:00,-35.26,10.17,27.8,10.0,157.03,228.35,0,81.3,20.38
2026-03-26 06:00:00,-32.99,8.16,53.1,0.0,42.89,218.4,0,79.8,51.45
2026-03-26 07:00:00,-38.43,7.77,33.0,10.2,36.88,244.11,0,80.2,60.54
2026-03-26 08:00:00,-42.15,6.8,34.6,14.23,32.28,289.88,0,80.9,75.1
2026-03-26 09:00:00,-36.22,8.01,43.0,14.97,45.94,297.71,0,81.5,70.25
2026-03-26 10:00:00,-33.61,12.75,82.2,11.89,296.05,325.12,0,82.6,5.48
2026-03-26 11:00:00,-35.46,2.49,31.3,21.75,0.72,315.24,0,81.4,86.53
2026-03-26 12:00:00,-38.29,2.54,44.7,14.18,0.0,360.03,0,81.9,102.31
2026-03-26 13:00:00,-40.47,3.05,66.9,15.25,5.53,383.69,0,83.7,109.04
2026-03-26 14:00:00,-38.6,4.19,31.2,21.2,2.1,411.83,0,85.1,116.97
2026-03-26 15:00:00,-42.78,3.91,78.1,9.88,0.0,418.25,0,87.0,121.94
2026-03-26 16:00:00,-40.36,7.41,39.2,0.15,29.42,429.28,0,87.2,118.78
2026-03-26 17:00:00,-40.6,0.0,70.0,0.0,0.0,410.84,0,86.7,122.47
2026-03-26 18:00:00,-39.59,0.0,62.5,0.0,0.0,374.29,0,84.1,113.18
2026-03-26 19:00:00,-36.09,4.99,73.7,0.0,4.14,347.53,0,82.9,103.91
2026-03-26 20:00:00,-40.52,11.06,84.0,0.0,217.93,356.85,0,82.4,42.32
2026-03-26 21:00:00,-41.85,4.37,14.6,3.23,0.0,337.05,0,82.0,99.76
2026-03-26 22:00:00,-40.26,1.27,60.6,5.96,8.2,283.46,0,81.2,79.71
2026-03-26 23:00:00,-43.03,13.08,72.6,6.67,299.27,254.31,0,81.6,1.31
2026-03-27 00:00:00,-39.84,12.94,82.9,1.68,291.04,207.3,0,81.8,1.64
2026-03-27 01:00:00,-38.5,9.49,6.3,5.42,120.11,187.38,0,81.8,18.03
2026-03-27 02:00:00,-38.0,10.04,30.0,0.0,126.74,214.49,0,82.6,26.17
2026-03-27 03:00:00,-36.03,9.98,54.8,0.0,127.34,204.87,0,82.1,21.79
2026-03-27 04:00:00,-37.5,12.77,63.2,0.0,300.0,195.78,0,83.2,0.53
2026-03-27 05:00:00,-33.31,9.82,64.9,6.03,131.71,222.85,0,82.0,27.61
2026-03-27 06:00:00,-35.45,12.18,24.9,9.83,294.1,222.54,0,81.7,0.94
2026-03-27 07:00:00,-35.57,0.96,89.3,1.26,0.87,237.88,0,82.0,72.94
2026-03-27 08:00:00,-36.51,5.67,43.2,0.0,6.38,291.22,0,80.1,85.06
2026-03-27 09:00:00,-36.02,3.56,25.9,13.13,0.36,313.64,0,79.6,88.74
2026-03-27 10:00:00,-35.3,4.94,90.2,6.62,6.92,321.01,0,80.3,93.75
2026-03-27 11:00:00,-39.41,3.02,78.4,6.85,0.0,365.99,0,79.9,107.91
2026-03-27 12:00:00,-39.77,6.19,59.0,13.0,16.2,389.68,0,78.1,107.25
2026-03-27 13:00:00,-39.84,0.0,25.3,25.61,0.0,428.75,0,77.2,122.81
2026-03-27 14:00:00,-42.65,3.14,18.7,26.58,0.0,412.58,0,75.8,115.19
2026-03-27 15:00:00,-42.21,4.79,67.5,1.22,0.0,398.93,0,76.3,118.19
2026-03-27 16:00:00,-42.0,9.13,66.3,5.63,105.35,421.97,0,76.4,93.9
2026-03-27 17:00:00,-39.6,2.86,57.2,4.99,5.18,396.34,0,74.9,114.55
2026-03-27 18:00:00,-40.93,6.27,76.6,0.0,22.69,385.19,0,73.2,109.77
2026-03-27 19:00:00,-40.96,1.07,44.4,1.18,0.03,362.41,0,72.5,107.21
2026-03-27 20:00:00,-39.35,0.59,27.5,0.0,1.81,310.06,0,72.5,92.73
2026-03-27 21:00:00,-40.85,11.6,94.5,0.0,260.32,316.47,0,71.9,17.16
2026-03-27 22:00:00,-39.17,10.28,35.3,0.0,168.04,276.24,0,72.2,32.72
2026-03-27 23:00:00,-39.44,14.9,63.6,1.37,297.24,253.68,0,72.5,0.0
2026-03-28 00:00:00,-37.67,8.09,63.8,0.0,46.4,206.33,0,73.1,47.78
2026-03-28 01:00:00,-38.59,14.32,56.5,0.0,300.0,198.58,0,71.7,1.37
2026-03-28 02:00:00,-41.57,18.6,67.1,0.11,298.78,202.02,0,71.4,0.0
2026-03-28 03:00:00,-36.34,14.14,46.1,0.0,300.0,178.58,0,72.5,0.0
2026-03-28 04:00:00,-32.75,13.27,31.8,0.0,300.0,188.98,0,71.8,0.0
2026-03-28 05:00:00,-33.45,11.72,26.4,0.65,268.23,195.09,0,71.0,0.0
2026-03-28 06:00:00,-33.27,5.99,34.3,0.0,9.25,198.0,0,70.5,54.44
2026-03-28 07:00:00,-32.83,13.59,35.3,2.7,297.52,202.96,0,70.0,0.0
2026-03-28 08:00:00,-35.42,6.4,40.8,14.03,26.47,259.09,0,70.1,65.68
2026-03-28 09:00:00,-35.68,8.45,96.7,10.36,66.73,272.32,0,69.5,59.27
2026-03-28 10:00:00,-37.93,1.02,49.0,21.72,1.25,307.11,0,67.5,85.71
2026-03-28 11:00:00,-38.05,1.1,24.7,29.83,0.0,314.37,0,68.7,85.98
2026-03-28 12:00:00,-36.97,8.1,27.4,21.12,60.44,357.82,0,69.2,82.84
2026-03-28 13:00:00,-36.57,2.19,11.7,38.45,3.42,405.21,0,69.3,111.13
2026-03-28 14:00:00,-39.98,7.37,45.4,24.09,27.66,378.94,0,69.2,97.32
2026-03-28 15:00:00,-41.22,2.88,43.9,12.91,15.38,403.0,0,68.9,112.1
2026-03-28 16:00:00,-40.79,0.0,91.4,6.44,2.7,841.1185332334999,1,68.1,251.25
2026-03-28 17:00:00,-39.89,6.98,38.8,7.69,20.96,368.43,0,66.2,101.54
2026-03-28 18:00:00,-44.08,3.53,68.1,0.0,0.04,336.57,0,67.9,100.85
2026-03-28 19:00:00,-45.69,8.58,44.5,8.97,68.55,367.5,0,67.9,87.4
2026-03-28 20:00:00,-41.9,7.84,69.1,0.0,59.01,322.77,0,66.3,80.3
2026-03-28 21:00:00,-42.76,4.44,81.2,0.0,8.69,302.95,0,65.2,88.42
2026-03-28 22:00:00,-40.71,10.79,13.1,0.0,198.17,267.07,0,65.6,19.79
2026-03-28 23:00:00,-39.27,17.95,1.5,0.4,300.0,255.21,0,65.8,0.0
2026-03-29 00:00:00,-38.85,13.69,81.8,2.72,291.69,214.38,0,65.1,0.54
2026-03-29 01:00:00,-34.26,12.59,64.5,1.81,300.0,218.74,0,64.0,0.0
2026-03-29 02:00:00,-35.79,16.22,15.8,0.0,300.0,191.25,0,63.4,0.0
2026-03-29 03:00:00,-35.22,13.52,71.1,2.03,298.16,190.83,0,61.5,0.0
2026-03-29 04:00:00,-34.1,13.07,13.8,0.0,298.19,175.81,0,61.0,1.19
2026-03-29 05:00:00,-37.32,8.42,56.2,3.7,72.91,200.02,0,60.6,36.9
2026-03-29 06:00:00,-32.86,11.4,50.4,5.54,250.71,172.52,0,62.1,0.0
2026-03-29 07:00:00,-35.19,12.63,69.8,0.8,288.62,216.92,0,61.6,0.68
2026-03-29 08:00:00,-34.0,5.73,78.5,7.84,22.9,262.28,0,61.9,68.1
2026-03-29 09:00:00,-37.96,11.21,32.9,21.79,236.87,282.88,0,63.5,7.31
2026-03-29 10:00:00,-39.55,5.43,66.6,26.17,3.65,297.66,0,62.4,81.86
2026-03-29 11:00:00,-35.53,1.97,66.2,17.28,0.0,316.33,0,61.8,89.65
2026-03-29 12:00:00,-37.19,6.79,71.4,26.09,31.29,341.9,0,61.3,85.58
2026-03-29 13:00:00,-40.52,2.38,75.0,11.57,3.97,377.58,0,59.6,108.81
2026-03-29 14:00:00,-41.18,5.28,58.8,27.2,10.61,377.62,0,59.3,103.0
2026-03-29 15:00:00,-37.81,2.24,13.5,30.63,4.57,404.78,0,60.5,111.08
2026-03-29 16:00:00,-42.92,3.38,76.1,8.84,9.74,398.48,0,61.3,116.44
2026-03-29 17:00:00,-37.55,5.78,71.6,9.9,15.69,348.32,0,62.5,97.05
2026-03-29 18:00:00,-42.74,6.17,42.5,0.0,8.84,391.97,0,61.9,114.5
2026-03-29 19:00:00,-39.56,0.49,34.5,0.0,0.0,337.99,0,60.8,102.91
2026-03-29 20:00:00,-41.2,4.4,83.3,8.53,3.98,327.07,0,63.0,94.16
2026-03-29 21:00:00,-38.86,11.85,75.6,0.0,300.0,291.18,0,63.2,0.0
2026-03-29 22:00:00,-40.53,9.9,76.2,3.39,133.99,271.97,0,61.6,39.19
2026-03-29 23:00:00,-39.04,9.79,98.0,5.54,131.73,231.97,0,64.2,28.89
2026-03-30 00:00:00,-37.6,8.13,45.5,4.03,62.71,237.05,0,64.1,50.64
2026-03-30 01:00:00,-38.91,9.52,44.2,3.0,110.71,217.89,0,61.1,30.48
2026-03-30 02:00:00,-34.7,6.93,51.1,3.4,31.36,202.94,0,62.6,49.89
2026-03-30 03:00:00,-36.59,12.58,19.1,5.29,300.0,196.98,0,60.3,0.0
2026-03-30 04:00:00,-35.54,10.65,67.8,1.59,194.24,195.68,0,60.6,0.83
2026-03-30 05:00:00,-36.78,8.8,24.8,0.0,72.74,191.81,0,61.4,36.2
2026-03-30 06:00:00,-39.81,10.5,77.2,0.0,192.12,238.64,0,62.1,13.81
2026-03-30 07:00:00,-35.17,10.61,38.9,10.31,178.86,248.88,0,63.7,18.47
2026-03-30 08:00:00,-30.26,14.52,35.8,22.49,300.0,282.63,0,64.7,0.0
2026-03-30 09:00:00,-33.99,2.4,26.6,21.14,0.04,299.16,0,66.5,83.6
2026-03-30 10:00:00,-36.22,9.19,83.1,15.62,88.97,313.67,0,66.4,62.06
2026-03-30 11:00:00,-37.43,7.55,29.5,37.61,45.43,337.07,0,66.0,75.55
2026-03-30 12:00:00,-37.64,1.46,25.6,45.56,0.0,377.64,0,65.7,99.78
2026-03-30 13:00:00,-37.37,3.85,37.3,27.25,4.46,377.54,0,67.0,103.9
2026-03-30 14:00:00,-41.55,1.63,60.5,27.08,0.0,402.72,0,66.4,113.7
2026-03-30 15:00:00,-37.58,3.67,45.5,20.52,0.0,391.52,0,67.3,111.8
2026-03-30 16:00:00,-38.85,8.08,27.1,15.39,51.59,398.21,0,66.4,98.88
2026-03-30 17:00:00,-39.15,6.12,51.0,3.11,16.9,405.09,0,65.6,114.24
2026-03-30 18:00:00,-39.81,6.82,54.1,0.0,25.4,350.29,0,66.7,98.35
2026-03-30 19:00:00,-40.54,5.19,72.6,2.5,2.91,381.04,0,67.2,113.02
2026-03-30 20:00:00,-38.94,3.31,72.1,0.0,0.0,329.64,0,65.0,99.86
2026-03-30 21:00:00,-38.62,8.44,93.4,3.57,68.77,296.35,0,64.2,67.66
2026-03-30 22:00:00,-39.89,13.91,16.6,0.0,300.0,297.1,0,61.6,1.8
2026-03-30 23:00:00,-39.61,6.78,59.7,3.48,23.26,255.74,0,61.2,68.48
2026-03-31 00:00:00,-37.23,9.04,17.7,2.17,106.43,215.28,0,60.9,32.05
2026-03-31 01:00:00,-33.56,13.14,18.6,0.0,300.0,181.25,0,60.5,0.79
2026-03-31 02:00:00,-38.41,10.04,34.2,7.53,158.98,219.07,0,61.7,16.63
2026-03-31 03:00:00,-38.24,10.51,10.3,1.7,173.75,216.12,0,62.1,12.53
2026-03-31 04:00:00,-34.5,11.17,31.7,3.83,224.03,190.71,0,64.6,0.0
2026-03-31 05:00:00,-34.43,7.6,55.7,5.78,36.01,226.51,0,65.1,53.65
2026-03-31 06:00:00,-34.08,7.78,24.5,4.84,47.36,222.07,0,65.6,50.58
2026-03-31 07:00:00,-34.04,11.63,74.2,5.76,261.89,262.04,0,65.9,0.02
2026-03-31 08:00:00,-35.28,4.31,31.0,23.74,0.0,255.6,0,65.6,67.69
2026-03-31 09:00:00,-32.33,2.14,5.0,26.01,0.0,270.79,0,65.0,73.4
2026-03-31 10:00:00,-39.13,3.82,20.6,40.05,11.95,325.57,0,64.8,82.72
2026-03-31 11:00:00,-38.31,6.83,21.1,50.97,20.05,348.94,0,64.6,83.32
2026-03-31 12:00:00,-37.64,3.2,74.0,21.29,11.8,390.9,0,64.5,107.64
2026-03-31 13:00:00,-41.49,1.84,59.5,33.54,0.0,405.47,0,65.1,112.17
2026-03-31 14:00:00,-39.28,3.14,38.0,41.53,5.16,393.04,0,65.4,102.3
2026-03-31 15:00:00,-36.23,0.0,60.8,24.32,0.59,398.86,0,64.9,112.84
2026-03-31 16:00:00,-39.99,5.04,80.4,16.36,6.81,400.14,0,64.2,112.36
2026-03-31 17:00:00,-39.87,5.45,50.0,0.8,0.0,384.16,0,64.4,114.77
2026-03-31 18:00:00,-42.95,4.07,58.2,0.0,9.96,388.36,0,63.5,112.86
2026-03-31 19:00:00,-41.56,9.5,81.1,7.15,110.08,361.82,0,63.0,74.45
2026-03-31 20:00:00,-40.78,4.38,23.9,4.8,8.49,326.74,0,62.5,92.86
2026-03-31 21:00:00,-40.19,12.45,13.5,2.48,288.31,298.92,0,64.9,3.82
2026-03-31 22:00:00,-36.37,10.76,47.7,0.0,186.26,285.45,0,63.6,32.15
2026-03-31 23:00:00,-37.09,10.36,57.1,1.42,167.04,257.62,0,62.9,25.2
